timestamp,close,volume,rsi_14,macd,macd_signal,macd_hist,macd_cross_up,macd_cross_down,bb_mid,bb_upper,bb_lower,bb_width,bb_pct,return_1d,vol_14d
2025-05-09,103076.27555512934,50020047720.65604,75.88352143495473,2995.061875006053,2572.435222691515,422.6266523145382,False,False,94035.18350105622,102268.23979082912,85802.12721128332,0.17510586959572255,1.0490726490783235,0.0623518541216479,0.37751764884709843
2025-05-10,102962.54045692299,40800894903.23446,74.09782551777896,3315.2356852500234,2720.9953152032167,594.2403700468067,False,False,94926.97740175144,102958.49823741177,86895.45656609112,0.16921471757536735,1.0002516472031842,-0.0011034071380034982,0.37930614532700757
2025-05-11,104630.8792994166,21558992540.042442,76.94573611625277,3661.3905076600204,2909.074353694578,752.3161539654425,False,False,95904.86309429324,103641.89906167048,88167.82712691599,0.16134814685612403,1.0639120873882513,0.016203357406392005,0.38018642885056514
2025-05-12,103994.061616746,27389436049.454792,77.77637155673118,3840.068909418813,3095.273264839425,744.795644579388,False,False,96731.9638255964,104196.21288603287,89267.71476515992,0.1543284921599275,0.986458700155227,-0.006086326397470643,0.37716248755044607
2025-05-13,102876.8304286011,43090605819.36596,71.52080368018399,3847.1737857092085,3245.6533690133815,601.520416695827,False,False,97196.99705273946,104985.26790409232,89408.7262013866,0.1602574377298286,0.8646402060397668,-0.010743221014506421,0.3869057403499411
2025-05-14,104184.49039270742,33861432519.50822,76.45694540627674,3913.2126028944185,3379.165215789589,534.0473871048293,False,False,97725.94895693823,105913.89376359966,89538.0041502768,0.16756951237729803,0.8943933177538487,0.01271092780228944,0.38029294410559883
2025-05-15,103594.42575090709,28398245846.798244,74.20480078163837,3873.2867178344313,3477.989516198558,395.29720163587353,False,False,98212.02953304994,106588.92101608588,89835.138050014,0.1705878907678409,0.8212645304500513,-0.005663651466510711,0.3843336876545282
2025-05-16,103708.85136423641,31823340473.339912,71.10024834522692,3806.993703334112,3543.790353625669,263.20334970844306,False,False,98658.81650093998,107214.70092055478,90102.93208132518,0.1734438892145697,0.7951205635573436,0.0011045537682159434,0.3744999002817146
2025-05-17,103556.03493982446,25887953182.14765,69.73082531981872,3699.4797042330756,3574.9282237471507,124.55148048592491,False,False,99104.41492937115,107708.0661996057,90500.7636591366,0.17362801195821848,0.7587052793419384,-0.0014735138071797493,0.3761337470863272
2025-05-18,103212.36483885496,18950056010.479057,72.23673504968713,3545.6704979742062,3569.076678592562,-23.406180618355847,False,True,99574.56628032979,107985.39810738411,91163.73445327547,0.16893534446086403,0.7162567646890652,-0.00331868732874141,0.3705980175288545
2025-05-19,106030.6376831359,30744060179.802963,83.22609686231158,3609.5776943467936,3577.1768817434086,32.40081260338502,True,False,100124.56784174936,108720.87292094681,91528.26276255191,0.1717122033981557,0.8435237457822937,0.027305573791290394,0.3650545333320293
2025-05-20,105629.41580436694,43339734153.75087,80.91449719752544,3586.5063428355206,3579.0427739618312,7.463568873689383,False,False,100693.22065880868,109158.73398996292,92227.70732765445,0.16814465315076133,0.7915473021223886,-0.003784018351072893,0.370075277217187
2025-05-21,106786.71995834043,36393687094.25122,79.83839375775906,3619.8791897709016,3587.2100571236456,32.66913264725599,False,False,101320.76899120162,109630.10251034444,93011.4354720588,0.1640203405851445,0.8289042950644896,0.010956267675633846,0.3623939939113984
2025-05-22,109665.86371625263,60722883113.84,82.65905380432582,3834.4491082030727,3636.657867339531,197.7912408635416,False,False,101982.71491587775,110747.37491802606,93218.05491372943,0.17188520641714633,0.9383027292839458,0.026961627429285207,0.3745033636087751
2025-05-23,111560.356938144,52218408239.45193,77.91698675944198,4109.989681846913,3731.324230241008,378.6654516059052,False,False,102717.95435606522,112115.86633499511,93320.04237713534,0.18298479633565568,0.9704450627917904,0.01727514066540481,0.24099188061698293
2025-05-24,107216.66856870624,49251745837.96465,60.950052895207406,3932.5265042982355,3771.5646850524536,160.96181924578195,False,False,103282.64436329831,112311.38561829214,94253.90310830448,0.17483559431795903,0.7178611665957314,-0.0389357697362529,0.33155516105267635
2025-05-25,107831.36374380375,27128230116.517162,58.710457965913214,3797.7087979154603,3776.793507625055,20.91529029040521,False,False,103957.88152622388,112147.38547445563,95768.37757799213,0.15755426770919548,0.7364906496208616,0.005733205324353063,0.3241074223113547
2025-05-26,108861.81037744327,29652659665.048733,62.97019453487357,3731.0045281006023,3767.6357117201646,-36.63118361956231,False,True,104663.03085956832,111889.50299436864,97436.558724768,0.1380902516476223,0.7905137831816306,0.009556093866045723,0.3225963802177472
2025-05-27,109377.71513263129,27950577137.918888,67.89515962325794,3677.3795732110884,3749.58448401835,-72.20491080726151,False,False,105289.19001679195,111801.81920634325,98776.56082724065,0.12370936063830747,0.8138920547172305,0.004739079328180296,0.3130759558686241
2025-05-28,109068.45694901445,38978783508.88622,64.22619024044494,3568.7880916477443,3713.4252055442294,-144.63711389648506,False,False,105891.28817575925,111324.68152226784,100457.89482925067,0.10262210310427415,0.7923742650894945,-0.00282743320466905,0.311700661007572
2025-05-29,107838.18431100152,29794278037.284946,61.91691176600987,3344.8979387677537,3639.7197521889343,-294.82181342118065,False,False,106129.38361355287,111459.74738571704,100799.0198413887,0.10045029172266816,0.6602893133084294,-0.011279820696354359,0.3175510523391844
2025-05-30,105745.41660358038,38279231892.56757,55.147012193462736,2964.4224982980813,3504.660301410764,-540.2378031126827,False,False,106268.52742088574,111392.09546906987,101144.95937270162,0.09642681935154308,0.44895053482399205,-0.019406555486743637,0.3376258452513517
2025-05-31,104010.91956242644,39680060337.610214,51.06452392238481,2494.182175578244,3302.56467624426,-808.3825006660163,False,False,106237.52943403623,111410.08239639284,101064.97647167962,0.09737713197798509,0.28476683681984477,-0.016402574190579222,0.34974949454921495
2025-06-01,104687.50742934884,20432694555.09522,53.39917253251089,2151.3093631097436,3072.313613617357,-921.0042505076135,False,False,106272.20172466637,111390.44714190956,101153.95630742318,0.09632331567767295,0.3451916461470613,0.006504969572125763,0.35035845297002194
2025-06-02,105710.00593822816,17721500507.53389,49.19450512277942,1939.7273043272435,2845.7963517593344,-906.0690474320909,False,False,106413.86050014773,111287.4033681259,101540.31763216955,0.09159601662927003,0.42778820449654076,0.00976714924241917,0.32408642714613256
2025-06-03,105884.74263221149,26313843058.73954,50.64881836658004,1765.7918400794733,2629.7954494233622,-864.0036093438889,False,False,106498.87311212292,111266.84911804373,101730.89710620212,0.08954040294681878,0.4355984091416556,0.0016529815927306402,0.32353104101407304
2025-06-04,105434.47745144971,25925661121.080395,46.43569962401626,1573.4760421028768,2418.5315679592654,-845.0555258563886,False,False,106590.87569715006,111190.93087536091,101990.8205189392,0.0863123630071433,0.37430604624289376,-0.004252408511071004,0.3187597621559495
2025-06-05,104812.9182188067,25812143562.797962,35.480370464282615,1355.2868480117759,2205.882623969768,-850.5957759579919,False,False,106646.07903987859,111125.42419081066,102166.73388894652,0.08400393509558085,0.29537624816761043,-0.00589521803177917,0.2803036988079653
2025-06-06,101650.7387545425,39711941132.0234,22.441678712388097,916.6424013835931,1948.034579452533,-1031.39217806894,False,False,106550.81423061449,111374.66017405965,101726.96828716932,0.09054545435954377,-0.007901323292714712,-0.030169749282839997,0.28792891458248565
2025-06-07,104409.74967959142,29897390978.090103,41.43954353491738,782.6210722470714,1714.9518780114408,-932.3308057643694,False,False,106610.68347265132,111287.55382874035,101933.81311656229,0.08773736747103358,0.26470014930022545,0.0271420646701952,0.2764810369375341
2025-06-08,105681.4546141758,17749731308.73042,43.69590592159482,770.1463952294871,1525.9907814550502,-755.8443862255631,False,False,106593.22431920329,111281.8043818687,101904.64425653788,0.08797144645188744,0.402766968587377,0.012179944291476064,0.2832857141750192
2025-06-09,105692.24740699006,16044679696.270103,40.1149080964432,752.4571543122438,1371.284056026489,-618.8269017142452,False,False,106596.36589933446,111282.31026681131,101910.4215318576,0.08791940190347731,0.4035286783791656,0.00010212570269452215,0.27712652641292773
2025-06-10,110261.57485948496,38222993297.50514,52.200247809773934,1094.527806165148,1315.932806054221,-221.404999889073,False,False,106770.10864439169,111735.13677589105,101805.08051289232,0.0930040850297507,0.851605884460407,0.04323238046873712,0.3605819353598288
2025-06-11,110212.73252109604,36303839182.734825,52.88593468607181,1346.1623718631454,1321.978719216006,24.183652647139297,True,False,106797.45208463384,111835.11975909582,101759.78441017187,0.09434059663651476,0.8389743684141443,-0.00044296790111297835,0.3601249972957595
2025-06-12,108679.9760916168,30338936631.626648,52.09114562024352,1405.6999104787537,1338.7229574685557,66.97695301019803,False,False,106653.43304230747,111264.3984257395,102042.46765887544,0.0864663284041302,0.7197525768238292,-0.013907253675847775,0.3628614145976682
2025-06-13,105979.22902375912,35865159511.38857,50.56379723980746,1220.882547451285,1315.1548754651017,-94.2723280138166,False,True,106591.56106506013,111203.91318480166,101979.2089453186,0.0865425381457035,0.4336204147684064,-0.02485045695612742,0.3722824354944208
2025-06-14,106045.56440819203,49471015505.74361,55.33541749884429,1067.4611393081723,1265.616128233716,-198.15498892554365,False,False,106502.27109827955,111082.5965306855,101921.9456658736,0.08601366684808552,0.45014473350994816,0.0006259281657732263,0.3607650040468485
2025-06-15,105482.90611628917,17916412455.866283,52.09829917097669,890.209959906817,1190.5348945683363,-300.32493466151936,False,False,106333.32588522186,110794.92554461538,101871.72622582833,0.08391724085089673,0.40469564350734666,-0.005305816372828787,0.3612498792430242
2025-06-16,105554.49383061715,16568441852.649668,49.568082005566936,746.903811263488,1101.8086779073667,-354.9048666438787,False,False,106142.16482012114,110376.36920438473,101907.96043585755,0.07978364472666044,0.4306043194693128,0.0006786664964373301,0.3578133712159142
2025-06-17,106951.2720181497,32095957011.724205,52.77387413834637,737.5390908331174,1028.954760492517,-291.41566965939955,False,False,106036.3055735779,110063.2583820884,102009.35276506741,0.07595422693628685,0.6136053100297225,0.013232768561933117,0.3640940982517224
2025-06-18,104683.42479835715,38603212010.889435,48.21535950822357,540.8861659445683,931.3410415829272,-390.4548756383589,False,False,105878.56759794569,109855.1715817175,101901.96361417387,0.07511631624772697,0.3497282097405463,-0.021204490390798636,0.3807174874745893
2025-06-19,104722.695052907,30339326410.154945,49.7795115389419,383.78208651229215,821.8292505688003,-438.0471640565081,False,False,105827.43152041202,109837.40764824161,101817.45539258243,0.0757833024995253,0.3622514907460359,0.0003751334523636185,0.37948698569633804
2025-06-20,104690.65002458123,18063282658.152298,58.770811279470045,253.76496120446245,708.2163926959328,-454.4514314914703,False,False,105861.41804351976,109817.73266016875,101905.10342687077,0.07474516570376082,0.35203805405013866,-0.00030599888887106186,0.3412714236930562
2025-06-21,103290.105144757,30632751225.407444,46.49480980592954,37.283405821130145,574.0297953209722,-536.746389499842,False,False,105791.54792929017,109882.22970566942,101700.86615291092,0.07733475606413119,0.1942511149391768,-0.013377936611296048,0.32037835932076697
2025-06-22,101532.5683847329,21644463198.719532,37.39482095104719,-272.9518951314967,404.6334572304784,-677.5853523619751,False,False,105582.67605161539,110095.69059013185,101069.66151309892,0.08548778468752245,0.051285772257466625,-0.017015538492878735,0.3222522503324224
2025-06-23,100852.58264648831,51287142390.02526,35.87063379808539,-567.1470542548341,210.27735493341595,-777.42440918825,False,False,105331.06805232924,110310.20523744808,100351.9308672104,0.09454261268185706,0.05027495333671648,-0.006697217937676414,0.3224469462170123
2025-06-24,105511.62437933135,50011797128.6837,36.2048187199628,-419.5171739764919,84.31844915143438,-503.8356231279263,False,False,105334.92539872331,110314.51940595507,100355.33139149155,0.0945478242545395,0.5177423079423163,0.04619655352975993,0.3345619483741151
2025-06-25,105976.06929808448,31704641076.941063,37.98558235498202,-262.02217825700063,15.050323669747378,-277.07250192674803,False,False,105393.08295268721,110374.17607404373,100411.98983133069,0.0945240993394722,0.5585199203461687,0.0044018364941798005,0.33651043729086955
2025-06-26,107238.53045016268,30468274982.034847,45.848677972162776,-34.93350363000354,5.053558209797194,-39.98706183980074,False,False,105672.47253746822,110389.5855442506,100955.35953068583,0.08927799063488062,0.6659974978808805,0.011912700295830136,0.3380889112967815
2025-06-27,106984.01253775663,24320699663.15122,53.36835332556844,123.07965303544188,28.658777174926133,94.42087586051575,True,False,105801.18568037648,110513.7068182879,101088.66454246506,0.08908257705443609,0.6254983078870999,-0.0023733812029841372,0.3116602199665982
2025-06-28,107078.91560644074,25194306261.888832,53.457498921041015,253.047132790467,73.53644829803432,179.5106844924327,False,False,105871.05872998973,110617.42414014685,101124.69331983262,0.08966313300525498,0.6272401903429333,0.0008870771102422736,0.3116590726389044
2025-06-29,107331.58548463577,8960877693.57604,56.31654212499763,372.14577948827355,133.25831453608217,238.88746495219138,False,False,105953.02563387202,110742.8112642176,101163.24000352644,0.09041338086742348,0.6439062159723719,0.002359660412734277,0.30988516444183944
2025-06-30,108396.61631317894,14881078675.366829,59.09358282662424,546.1754316909792,215.8417379670616,330.3336937239176,False,False,105859.77770655669,110360.26553477341,101359.28987833997,0.08502734325953473,0.7818404030244257,0.009922809056944537,0.3128928651884333
2025-07-01,107132.79910701896,22489515582.41552,50.585793607368515,575.4819013676315,287.7697706471756,287.7121307204559,False,False,105705.78103585285,109768.61448227547,101642.94758943023,0.07687060076770268,0.6756185787559932,-0.011659194254814764,0.313666180413948
2025-07-02,105613.39974163055,25033160828.30909,53.153383412712,470.67896497085167,324.35160951191085,146.32735545894081,False,False,105552.45221835354,109366.52388471816,101738.38055198893,0.07226874575068229,0.5079898240788823,-0.014182392115701381,0.30201715163784415
2025-07-03,108824.44423167943,36395184773.06136,61.44624595161154,639.3562366300321,387.3525349355351,252.00370169449695,False,False,105694.71297874957,109778.5181838172,101610.90777368193,0.07727548691841764,0.8831881169363992,0.03040376029844971,0.33778405900216824
2025-07-04,109602.20483914016,29892049537.628605,63.15842333007702,826.2682644609595,475.13568084062,351.13258362033946,False,False,105872.54500029697,110314.70829221199,101430.38170838196,0.08391530196808916,0.9198021992608172,0.007146929285528403,0.337947181618543
2025-07-05,108040.8919400104,24248906784.57383,62.61901118405251,838.7439722103445,547.8573391145649,290.88663309577964,False,False,106000.44429148303,110541.56901419895,101459.31956876711,0.08568123941497084,0.724663246785594,-0.014245269074844358,0.33918460559875424
2025-07-06,108217.46849992426,10042942280.966904,69.38442602176863,853.0459306713747,608.8950574259269,244.15087324544777,False,False,106133.59302494838,110774.72192850514,101492.46412139162,0.08745824524127417,0.7245009262055713,0.0016343493351749228,0.3205844653983554
2025-07-07,109215.19771840284,14638669497.351297,73.81058382326606,934.1207824420271,673.9402024291469,260.1805800128802,False,False,106246.78930996105,111078.41295978437,101415.16566013773,0.09095095825865744,0.8071853918661827,0.009219668804942183,0.314958115896451
2025-07-08,108300.71675785031,25493246475.80407,60.09359541952439,914.0456662360375,721.9612951905251,192.0843710455124,False,False,106427.65390793569,111283.6227364864,101571.68507938497,0.09125389220270379,0.6928619103670863,-0.0083732024448685,0.23052430249239828
2025-07-09,108953.19187727802,20488865138.27645,60.629407559507136,939.9501212855539,765.559060409531,174.39106087602295,False,False,106639.17874915425,111550.68318522902,101727.67431307948,0.09211444599790157,0.7355707052942324,0.006024661137622678,0.23116041557628386
2025-07-10,111327.53054245669,37078460440.66385,63.52535304650734,1138.939885611704,840.2352254499657,298.7046601617384,False,False,106971.02277504801,112213.8651011625,101728.18044893352,0.09802359910383944,0.9154719421666565,0.021792281843868055,0.24789580105737505
2025-07-11,115879.65030112496,56204086624.04028,72.91077105768406,1644.9962357255426,1001.1874275050811,643.8088082204615,False,False,107600.50003286642,113899.28499178034,101301.7150739525,0.11707724326541173,1.1572021685342697,0.04088943441471771,0.31271847004022
2025-07-12,117571.02510036016,64185145923.88688,74.96916800597808,2157.657220674213,1232.4813861389075,925.1758345353055,False,False,108402.4228686478,115483.67696137949,101321.16877591611,0.13064752438812383,1.1473854850882386,0.01459596050592138,0.3144462001775686
2025-07-13,117418.95745007684,24351256098.393543,74.12147204725,2522.595248509693,1490.5041586130646,1032.0910898966285,False,False,109230.74160882721,116467.49469755146,101993.98852010297,0.13250396330073852,1.0657382351491218,-0.0012934109416288253,0.31644908943345335
2025-07-14,119117.55666327637,27310851454.97692,74.88254263625835,2915.2686235248257,1775.457051595417,1139.8115719294087,False,False,109911.03822302446,118162.62865099836,101659.44779505055,0.15015034998086915,1.0578632701546045,0.014466141158864687,0.3186463002589473
2025-07-15,119833.67446712355,68915956378.80447,80.24680908170022,3246.8224757834687,2069.7301364330274,1177.0923393504413,False,False,110603.91848147642,119743.70548059317,101464.13148235966,0.16527058217467142,1.0049218316870554,0.006011857730355619,0.30211458558513415
2025-07-16,117678.19493404306,80299520980.2335,77.88712725691036,3297.6389787513763,2315.3119048966973,982.3270738546789,False,False,111125.90170567045,120641.150700925,101610.65271041589,0.17125168568632676,0.8443048748193751,-0.017987260614893752,0.3105189413027277
2025-07-17,118748.1627367753,50374263848.76278,75.45796444425712,3385.2261037589924,2529.2947446691564,855.931359089836,False,False,111714.10921562134,121598.58595762023,101829.63247362245,0.17696022125407082,0.8558131454377568,0.009092319977646923,0.2851412536490384
2025-07-18,119445.36520434043,49282617205.72662,75.35610577443104,3470.887710750103,2717.6133378853456,753.2743728647574,False,False,112332.43169551637,122537.998058876,102126.86533215674,0.1817029367088289,0.8484830363928237,0.005871269512696342,0.28511621344306953
2025-07-19,117988.94664455787,58896449260.69391,75.7655567030298,3382.265691962777,2850.543808700832,531.7218832619451,False,False,112865.29975351245,123084.35583294876,102646.24367407613,0.18108410825566054,0.7506908099543402,-0.012193177669899469,0.28113640807300183
2025-07-20,117901.62655900871,23934511126.349533,75.19856750861085,3267.322443160083,2933.8995355926822,333.42290756740067,False,False,113340.55026580396,123568.6483448866,103112.45218672132,0.18048435542435456,0.7229679583603403,-0.0007400700492072865,0.2825270283090375
2025-07-21,117256.9208222684,36702153882.06748,71.31650474213217,3088.603229991684,2964.8402744724826,123.76295551920157,False,False,113846.75635156641,123779.08894301238,103914.42376012044,0.17448600047548588,0.6716698690516528,-0.00546816660258409,0.28807877446342184
2025-07-22,117482.46977767294,46344384345.39471,75.2610496369285,2931.3758060886903,2958.147380795724,-26.77157470703378,False,True,114440.20985336853,123696.55738509078,105183.86232164629,0.16176739877674715,0.6643337133722745,0.0019235449287162698,0.2791238048612415
2025-07-23,119955.79570607653,58939000420.94166,77.513956279745,2972.0882881332072,2960.9355622632206,11.152725869986625,True,False,114996.7774270884,124169.61341432601,105823.94143985078,0.1595320528534547,0.7703099829697019,0.021052723296370646,0.28962062852945153
2025-07-24,118629.05588130427,45225685167.61703,69.26830083200393,2864.278784760216,2941.6042067626195,-77.32542200240368,False,True,115448.1199791966,124388.70987621965,106507.53008217356,0.15488498034674128,0.6778929544216553,-0.011060239457067356,0.2910871529700333
2025-07-25,118354.43517438594,51940414419.3327,58.4351433845828,2725.2642310270894,2898.3362116155135,-173.07198058842414,False,False,115963.79714091537,124272.93458039768,107654.65970143306,0.1433057151342728,0.643855968858515,-0.0023149531527343337,0.21327797381104346
2025-07-26,117540.80837085741,91617702596.10347,49.890453535396944,2520.387850116793,2822.7465393157695,-302.35868919897666,False,False,116429.96413446203,123914.4534624925,108945.47480643156,0.12856637694033504,0.5742097548482775,-0.006874493569503426,0.2044484298652815
2025-07-27,117959.54234360624,25145925063.881348,51.92263916661583,2364.553078282508,2731.1078471091173,-366.55476882660923,False,False,116867.18136572221,123556.48286800395,110177.87986344047,0.1144769887338748,0.5816498536888661,0.003562456125260516,0.20506526103541914
2025-07-28,119418.91405141471,30220402191.467663,51.090359162271305,2331.93095079271,2651.2724678458358,-319.3415170531257,False,False,117423.09123040042,122842.22677155,112003.95568925083,0.09230101991637221,0.6841458666109423,0.012371798659216893,0.20127020631025097
2025-07-29,118003.30201607826,43433742203.62158,43.69648896355789,2166.87127599986,2554.3922294766408,-387.52095347678096,False,False,117875.59673734044,121546.12279718494,114205.07067749594,0.06227796357245093,0.5173960457786846,-0.011854169388334723,0.2074437650965727
2025-07-30,117853.30892863822,42860287143.68828,50.699717766356166,2000.8920676797716,2443.692197117267,-442.80012943749534,False,False,118201.88565664952,120201.34105974248,116202.43025355657,0.033831192996378004,0.41283208230798907,-0.0012710922904479727,0.18551003473134486
2025-07-31,117833.24087995925,43054424656.58649,46.00933927880443,1846.4483186149446,2324.2434214168024,-477.79510280185787,False,False,118299.56518559123,119988.03694462418,116611.09342655828,0.028545696789063213,0.36190935586063416,-0.0001702798916839443,0.17888413292214295
2025-08-01,115700.00243915782,45238249453.35885,35.48232916707421,1534.2303681599005,2166.2408107654223,-632.0104426055218,False,False,118206.01405253113,120237.02985810934,116174.99824695292,0.034364001220371386,-0.11693552716097037,-0.01810387650268086,0.19593906582557918
2025-08-02,113234.6051343189,65794680822.25255,32.90826122478195,1075.4611875807896,1948.0848861284958,-872.6236985477062,False,False,117996.7964367432,120999.03693461031,114994.55593887609,0.05088681368526102,-0.29310623279639186,-0.02130853286831491,0.2136845440559198
2025-08-03,112554.90232221723,33543439044.09785,31.56389128508313,649.549369494096,1688.377782801616,-1038.82841330752,False,False,117668.66371969024,121480.51682620255,113856.81061317794,0.06478960474290571,-0.1707710468612342,-0.006002606811719935,0.2138974157747358
2025-08-04,114199.10966460757,24689273719.085533,40.136212023287825,439.6173413889919,1438.6256945190912,-999.0083531300993,False,False,117386.93547956445,121354.74495824294,113419.12600088595,0.0676022329481331,0.0982889511092907,0.014608047348158903,0.23186436375784675
2025-08-05,115138.68613070177,32488023582.82734,42.77244158330013,345.08276576557546,1219.9171087683883,-874.8343430028128,False,False,117259.96003939738,121349.20189674395,113170.71818205081,0.06974660158459295,0.24062748270995304,0.00822752882096589,0.23689952868883918
2025-08-06,114128.35408881678,37316213251.97167,30.247595174939903,186.48835969070205,1013.2313589528511,-826.742999262149,False,False,117028.96960699947,121282.86186954651,112775.07734445242,0.07269810674796576,0.15906335431660304,-0.00877491376563122,0.20436547012786072
2025-08-07,115022.09576830892,32052509631.058872,37.40430201592727,131.40389221612713,836.8658656055064,-705.4619733893793,False,False,116807.8061351979,120992.09772103812,112623.51454935767,0.07164404031349009,0.28661736039956254,0.007831022243575125,0.20747759620948678
2025-08-08,117463.47451085235,38289687095.00489,47.2976593320596,281.50292545498814,725.7932775754028,-444.2903521204147,False,False,116781.53252851262,120941.12280250661,112621.94225451862,0.07123712429409014,0.5819722541668677,0.02122530220159735,0.2393193941734273
2025-08-09,116688.36663186055,33017415812.97353,47.4084342220748,334.0619050193636,647.447003064195,-313.38509804483135,False,False,116720.8695321552,120846.93246226321,112594.80660204717,0.07069966059448073,0.496061269441934,-0.006598714044681042,0.2391161300987531
2025-08-10,116510.08393213755,27638785406.21056,45.52802205571008,357.2116376914055,589.3999299896371,-232.18829229823166,False,False,116683.52768764866,120802.67601573722,112564.3793595601,0.07060376746776373,0.4789466484699773,-0.0015278532459491734,0.23813021985376467
2025-08-11,119266.92516880555,37157754754.85189,49.56583238247953,591.1970637904014,589.7593567497901,1.4377070406113717,True,False,116772.7504572053,121039.42644769284,112506.07446671776,0.07307656921297201,0.7922854602928557,0.02366182517106208,0.2615082060307014
2025-08-12,118773.79960860992,61739781527.95854,52.323436167684804,728.4440388233925,617.4962931645106,110.9477456588819,False,False,116713.65065233195,120824.5873863653,112602.71391829861,0.07044483162092238,0.7505692850029217,-0.004134637993707724,0.2545651438832559
2025-08-13,120202.53485503166,46941089789.57991,56.576877709876364,941.6455456000112,682.3261436516108,259.31940194840047,False,False,116792.32460101834,121112.50485878177,112472.1443432549,0.07398055090558184,0.8946837921733838,0.012029043872721079,0.26087786622239206
2025-08-14,123560.99363577305,61818118105.53991,63.51004492776168,1365.864001559923,819.0337152332734,546.8302863266497,False,False,117052.65252408767,122297.66170958926,111807.64333858607,0.08961794666587755,1.120431812557729,0.027939999641370283,0.29330258474702453
2025-08-15,118405.59579823953,73822008367.99681,55.58538697779196,1271.4066794282844,909.5083080722756,361.89837135600885,False,False,117095.89189545678,122372.01174064187,111819.77205027168,0.09011622457080927,0.6241162010353093,-0.041723505823612395,0.3594885754544753
2025-08-16,117339.79190213277,44268714220.021,58.99443962540329,1097.8912965368363,947.1849057651878,150.70639077164856,False,False,117064.9043733831,122326.9278691952,111802.880877571,0.0898992490358796,0.5261199450143503,-0.009001296677927928,0.3423423853904842
2025-08-17,117501.21653394958,23202714236.542347,61.0891901718063,962.3117928604042,950.210283184231,12.101509676173237,False,False,116969.01949750986,122119.13164924813,111818.90734577159,0.0880594224669535,0.5516684900017275,0.0013757023870593077,0.33913590393197246
2025-08-18,117542.83687778088,20906566026.645443,58.07670326515688,848.4421602245566,929.8566585922962,-81.41449836773961,False,True,116945.99624059498,122080.73421339094,111811.25826779901,0.08781383096232179,0.5581179254275472,0.0003542120248538616,0.33346416705598986
2025-08-19,116256.41276740946,47337926940.98573,52.65535210042967,646.9384773010388,873.2730223340448,-226.33454503300595,False,False,116866.15143253354,121991.1385579431,111741.164307124,0.0877069547099476,0.44051315152568743,-0.010944300346511282,0.33808062481145074
2025-08-20,112778.34483555844,46156885037.403885,47.12940018445605,204.23999067711702,739.4664160026592,-535.2264253255422,False,False,116613.40663031352,122027.97555407214,111198.8377065549,0.09286357512775223,0.14585714497721253,-0.029917213588978364,0.37062556146736664
2025-08-21,114252.39755195397,42166369117.006935,48.40276590717371,-27.342823354847496,586.1045681311579,-613.4473914860054,False,False,116541.02638595333,122044.97085953594,111037.08191237072,0.09445505405718652,0.2920919401545438,0.01307035245591548,0.3749414827558076
2025-08-22,112414.39987336512,32048202090.65466,39.25332799355448,-355.0916483287874,397.8653248391688,-752.9569731679562,False,False,116500.01612290565,122118.7191142217,110881.3131315896,0.09645840710250905,0.13642710285140303,-0.016087169442138394,0.36301374635631817
2025-08-23,116834.24948202295,50878158870.82928,50.26879865830119,-255.24769172508968,267.24272152631715,-522.4904132514068,False,False,116713.98348089591,122017.18626946419,111410.78069232764,0.09087519130792619,0.5113389970100977,0.03931746834601957,0.42115913443812525
2025-08-24,115359.98346714744,27306719885.257973,47.977458828684995,-291.7188301399001,155.4504111930737,-447.1692413329738,False,False,116772.02717102291,121983.9599058825,111560.09443616333,0.08926680235200934,0.36453742059724437,-0.012618440409482456,0.4262975943077305
2025-08-25,113399.54847314971,40682656776.69001,39.384409792701796,-473.35662950015103,29.689003054428753,-503.0456325545798,False,False,116685.0702881453,122067.00367347,111303.13690282061,0.09224716361800872,0.1947637977130616,-0.016994064450052804,0.41196429421783526
2025-08-26,110185.35443900425,52854872363.936554,35.85413220584665,-866.6740120133909,-149.58359995913517,-717.0904120542557,False,False,116487.92030565468,122514.47346494092,110461.36714636844,0.103470868798637,-0.022899715647483172,-0.02834397559269386,0.4312996428454713
2025-08-27,111842.70999260596,43023800053.0546,36.33361172446735,-1032.741330082441,-326.21514598379633,-706.5261840986446,False,False,116328.95101686954,122677.44096157659,109980.46107216249,0.10914720521783812,0.14666865165283027,0.01504152309569573,0.43491987704804097
2025-08-28,111216.08479629169,36957904262.995804,27.83958498636052,-1201.069115397113,-501.18593986645965,-699.8831755306533,False,False,116016.58153114149,122734.09290091727,109299.07016136571,0.1158026082327317,0.14268785934261558,-0.005602736167209299,0.39578034329171125
2025-08-29,112525.59740669793,34222495087.206894,37.75389624495755,-1214.7999171309639,-643.9087353193605,-570.8911818116034,False,False,115808.44306988336,122694.16892802509,108922.71721174163,0.11891578326437925,0.2616194914800611,0.011774489389774878,0.3575192268930775
2025-08-30,108480.30666639366,51702115726.38959,33.585713305712034,-1534.4150497144437,-822.0099981983772,-712.4050515160666,False,False,115406.95420659617,123018.55497772842,107795.35343546393,0.13190887539595422,0.04499403289302094,-0.03594996012936935,0.39385873933469656
2025-08-31,108781.95727925687,27799981330.792213,33.929020381540155,-1743.2762579806295,-1006.2632501548277,-737.0130078258018,False,False,114882.70581211874,122812.56538207916,106952.84624215832,0.13805140667437021,0.1153306071161403,0.002780694691349561,0.394601467192775
2025-09-01,108253.36092385623,26140904019.246822,33.17996500791821,-1929.214791292572,-1190.8535583823766,-738.3612329101954,False,False,114356.68387788106,122589.68955791001,106123.67819785212,0.14398818505126973,0.129338106201612,-0.0048592282086233896,0.39340225252619787
2025-09-02,109162.68557992298,42999610648.39302,36.97787893706083,-1980.3690566080913,-1348.7566580275195,-631.6123985805718,False,False,113804.69141412561,121865.98356699878,105743.39926125245,0.1416688899676167,0.21208053583890085,0.008399966969213635,0.39848257494542677
2025-09-03,111190.18209845416,50235464642.845955,46.9205714895108,-1836.141262353005,-1446.2335788926168,-389.90768346038817,False,False,113186.15083725969,119877.45588019092,106494.84579432846,0.11823540236034816,0.3508535535295842,0.01857316451826163,0.3876799183906555
2025-09-04,111711.51977725117,36406080683.42747,44.88426208772913,-1660.6294005983655,-1489.1127432337667,-171.5166573645988,False,False,112851.44703621026,119098.3970030189,106604.49706940162,0.11071102995789142,0.40876129431036284,0.004688702446187243,0.3815613041925689
2025-09-05,110724.736377486,38708366685.43147,46.477331097896936,-1582.9133197109186,-1507.872858529197,-75.04046118172164,False,False,112520.69425997793,118459.95762167114,106581.43089828471,0.10556748517691521,0.3488063440598193,-0.008833318190754058,0.37548162361442305
2025-09-06,110662.18112628513,56020470627.40665,34.27532450657266,-1508.975916607582,-1508.093470144874,-0.8824464627080033,False,False,112178.7424895947,117682.14589130101,106675.3390878884,0.09811847199511593,0.3622160459072132,-0.0005649618436445181,0.3039451591347389
2025-09-07,110209.1888247784,19340758702.076332,36.15686642697444,-1469.9875830530073,-1500.4722927265007,30.4847096734934,True,False,111812.06008694458,116759.82717723871,106864.29299665045,0.08850149235148283,0.3380207442150539,-0.00409346984576231,0.3000537825422436
2025-09-08,111131.9923868407,22147049159.335133,43.54580109298021,-1349.075213259668,-1470.1928768331343,121.11766357346619,False,False,111555.83906791615,116043.93169339265,107067.74644243966,0.08046360751666443,0.4527809788651089,0.008373199838440648,0.29508787383329044
2025-09-09,112025.12878118771,37159847899.8603,56.0338429994267,-1167.7218754023343,-1409.6986765469742,241.97680114463992,False,False,111518.1782651976,115975.61389763786,107060.74263275733,0.07994096929812079,0.5568657135843577,0.008036717196953314,0.25767410171302285
2025-09-10,111547.43956434788,45338021458.38368,48.950395484679085,-1050.4348174511542,-1337.8459047278102,287.41108727665596,False,False,111382.9303658173,115651.18627025082,107114.67446138378,0.07664111350662438,0.5192712435962074,-0.004264125576439848,0.2473505104591012
2025-09-11,113975.32489468766,52205187155.05567,58.69487174214392,-752.8950184315036,-1220.8557274685488,467.96070903704526,False,False,111460.97661688342,115863.61448440238,107058.33874936445,0.07899873123580865,0.7855502034762127,0.021765495826905124,0.2688289134167205
2025-09-12,115503.16663193036,43752917632.95067,59.25551193100189,-389.32067812688183,-1054.5487176002155,665.2280394733336,False,False,111394.4224743788,115484.17721342179,107304.66773533582,0.0734283575101553,1.002321584021566,0.013405021996247157,0.27064269274089936
2025-09-13,116160.14344594491,51192951485.864395,80.24255549900194,-47.623877304416965,-853.1637495410557,805.5398722366388,False,False,111434.43047331867,115699.42520431103,107169.43574232631,0.07654716253992161,1.0540115839166206,0.005687954998741418,0.17264573480865225
2025-09-14,115970.58488443034,30063858747.76022,78.5603508094861,205.50853298899892,-641.4292930350449,846.9378260240438,False,False,111562.98229388271,116214.81502699129,106911.14956077414,0.08339383973896594,0.9737490408003405,-0.0016318726534870764,0.1756362217083103
2025-09-15,115373.55555886829,26889399414.610912,78.13547578962198,353.8633978978032,-442.37075484847526,796.2341527462785,False,False,111822.39234987591,116722.75947894041,106922.02522081141,0.08764554265181464,0.8623364449502289,-0.005148109981138904,0.17607961900189656
2025-09-16,115397.25272727509,46947581231.08198,76.48998120349019,467.9535830081295,-260.30588727715434,728.2594702852839,False,False,112000.11948660933,117154.82231038489,106845.41666283377,0.09204816650917684,0.8295178555198971,0.00020539514702488937,0.17608517646919672
2025-09-17,116762.8496864193,39964451595.099724,75.08880760020934,660.9441853709286,-76.05587274753776,737.0000581184663,False,False,112277.45773111575,117835.62146102136,106719.29400121013,0.0990076519761681,0.9034958462243535,0.011833877556614025,0.1633416019638783
2025-09-18,116455.94648225319,54740952295.37868,71.78051151185213,780.1332144069311,95.18194468335602,684.951269723575,False,False,112473.97518489351,118338.5600085722,106609.39036121483,0.10428340981170127,0.8394930261117701,-0.002628431945523202,0.16613684179792995
2025-09-19,117145.49508952006,43642467075.25838,80.30313739762349,919.6312518164632,260.07180610997744,659.5594457064858,False,False,112907.23460604981,118809.73848946694,107004.73072263268,0.10455492783986509,0.85902225285929,0.005921111184923111,0.15318100788671446
2025-09-20,115655.81046441344,34296721252.33001,70.76984660818233,899.6092169941548,387.97928828681296,511.6299287073419,False,False,113250.92726530763,118938.62656506167,107563.2279655536,0.1004441983318994,0.7114108950177631,-0.012716533606078717,0.1745647189114493
2025-09-21,115715.51536781774,18774953731.290394,73.6768998582588,878.433265003303,486.070083630111,392.36318137319194,False,False,113624.03498750573,118895.13740933179,108352.93256567967,0.09278146868144008,0.6983911725611536,0.0005162291731350965,0.17070414132103073
2025-09-22,115304.47999407038,18659113982.495464,68.7674497288977,819.0426373040827,552.6645943649054,266.37804293917736,False,False,113931.1247082131,118808.79991964054,109053.44949678566,0.08562498130198515,0.6407796979429644,-0.0035521198038208635,0.1720502268709454
2025-09-23,112696.74101711863,69152342029.46799,52.617169166995254,555.1529378136329,553.1622630546509,1.9906747589819815,False,False,114006.45265414631,118750.60360567883,109262.3017026138,0.08322600767036453,0.36196564460026315,-0.022616111508294012,0.2118171818066258
2025-09-24,112022.16587861195,46154878824.043465,51.82197747271583,288.262957787083,500.18240200113735,-211.91944421405435,False,True,114021.98495921437,118736.44091912042,109307.52899930833,0.08269380613909509,0.28790563560145377,-0.005985755510039215,0.2130794153257331
2025-09-25,113320.56908541008,46677543220.334526,47.248530855939975,179.45239782099088,436.0364011651081,-256.5840033441172,False,False,114151.77659461056,118620.54941299166,109683.00377622947,0.07829528285400476,0.406998236094982,0.011590591885226376,0.1894000866230033
2025-09-26,108963.53013595635,74481796351.47305,27.797860699749307,-255.41314111536485,297.7464927090135,-553.1596338243784,False,False,114066.84404509413,118867.14061290098,109266.54747728727,0.08416637819679053,-0.03156235630972332,-0.038448791641434665,0.2566641215886001
2025-09-27,109710.20874667744,55257214020.568245,28.234965173877924,-533.6449631747528,131.46820153226025,-665.1131647070131,False,False,114041.89504118907,118930.97723206531,109152.81285031282,0.08574186160463979,0.05700414460251848,0.0068525552521054856,0.25797274269604603
2025-09-28,109654.81021075726,23294896964.31016,28.492950257710575,-749.9706902955513,-44.819576833302065,-705.1511134622492,False,False,113968.0359323849,119081.68574998577,108854.38611478402,0.08973831611233009,0.07826348347302056,-0.0005049533361849434,0.25832544285825976
2025-09-29,112142.57362752674,31274654338.51212,40.25272347714451,-712.4559225676057,-178.3468459801628,-534.1090765874429,False,False,113973.90817470188,119078.42533697405,108869.39101242971,0.08957343385027816,0.3206162807414327,0.022687225594463012,0.29153131519941045
2025-09-30,114309.15041119447,57833295882.65785,47.09322321693921,-502.11251869822445,-243.09998052377514,-259.01253817444933,False,False,114111.99371704417,119087.9303077446,109136.05712634375,0.08721145654573208,0.519811013520426,0.019319841819074535,0.3111184377560437
2025-10-01,114024.22783550054,57718901820.70616,42.235693870766106,-354.32034200466296,-265.3440528199527,-88.97628918471025,False,False,114114.43886408482,119090.14073878006,109138.73698938958,0.0872054741577709,0.49093484388171826,-0.002492561397482218,0.3036137760594107
2025-10-02,118503.24451752483,69920179085.4708,54.69389656440217,122.80956413615786,-187.71332942873062,310.5228935648885,True,False,114264.44275836456,119585.33841560256,108943.54710112656,0.093133008463361,0.8983165647492298,0.03928127177047003,0.36809774030204345
2025-10-03,120611.71911591051,71252850672.75252,57.461622635979374,663.4271558369364,-17.485232375597207,680.9123882125336,False,False,114487.02154186282,120472.70762736214,108501.33545636351,0.10456532111477132,1.0116119928912695,0.01779254742745784,0.37705717537297734
2025-10-04,122250.15186842803,83155430408.51796,64.10508420191866,1210.128711862184,228.03755647195905,982.0911553902249,False,False,114800.9998910627,121703.0005818261,107898.99920029931,0.12024286717559708,1.0396371509592979,0.013584357842897132,0.37158995519088817
2025-10-05,122380.93708463266,35161626561.80918,64.21390149900117,1635.0985099055688,509.449747158681,1125.6487627468878,False,False,115151.36896735092,122842.11696144323,107460.62097325861,0.13357631894542008,0.9700172286775731,0.0010698163904563351,0.37144891042558303
2025-10-06,123506.18520027678,72011486031.26575,66.97298751085167,2039.1818365732033,815.3961650415856,1223.7856715316177,False,False,115556.815591001,124108.89602162075,107004.73516038124,0.14801516270383877,0.9647623273521828,0.009194635557218778,0.3696930080642062
2025-10-07,124773.50823074432,69605991064.72382,76.46018796351521,2433.629791958956,1139.0428904250598,1294.5869015338963,False,False,115957.34851821726,125446.29223400397,106468.40480243055,0.16366265419213108,0.9645490571231687,0.010261211034997553,0.3371865709885173
2025-10-08,121518.75593575071,76087884719.80028,68.6934752751138,2455.2981802878057,1402.293948397609,1053.0042318901967,False,False,116210.48899089215,126020.14375763177,106400.83422415252,0.16882563444868462,0.7705633924476449,-0.026085283175452445,0.3733416434821324
2025-10-09,123352.50487523204,62576032795.36722,69.33967016642595,2590.576198449504,1639.9503984079881,950.6258000415157,False,False,116520.83948017776,126834.82699347485,106206.85196688067,0.17703249580606878,0.8311844902976032,0.015090254383865354,0.37523395132855536
2025-10-10,121698.03066778315,72097306668.91356,77.40535873871055,2535.060165378556,1818.972351802102,716.0878135764542,False,False,116822.95049034625,127381.32675767403,106264.57422301847,0.18075859620067172,0.7308631580275523,-0.013412570819882008,0.30706842031503584
2025-10-11,113201.74064138904,151002213089.8765,55.63455531721034,1784.9083975863614,1812.159560958954,-27.2511633725926,False,True,116697.2617540248,127370.37124729215,106024.15226075746,0.18291962181193572,0.33624635750056,-0.06981452353643813,0.5026638519692919
2025-10-12,110853.11663883903,108643865752.17674,51.80053318960724,989.4871958638687,1647.6250879399372,-658.1378920760685,False,False,116474.69358626322,127451.42470759938,105497.96246492707,0.18848267865511217,0.24393210122013514,-0.02074724283604612,0.5165735764383941
2025-10-13,115189.5714637257,93857100744.12454,54.337348149760814,700.9457595096901,1458.2892222538878,-757.3434627441977,False,False,116599.3351085936,127451.34318953006,105747.32702765714,0.1861418518524064,0.43504595488901243,0.03911892562312791,0.5420188968281926
2025-10-14,115222.28302116522,68935270367.04033,51.383900830881345,469.50201470304455,1260.5317807437193,-791.0297660406748,False,False,116759.34096572125,127419.86957808794,106098.81235335456,0.18260686509863833,0.4279089245737321,0.000283980199108802,0.5338873422261516
2025-10-15,113156.56943826913,91211854988.91518,48.75236231191418,118.03472637904633,1032.0323698707848,-913.9976434917385,False,False,116751.14098336422,127423.05295867448,106079.22900805397,0.18281469260897226,0.331587275391175,-0.01792807370876892,0.5424208549072878
2025-10-16,110708.66960879423,68877328886.40259,38.09659010972396,-353.9505682645831,754.8357822437113,-1108.7863505082944,False,False,116838.39795700609,127267.99553469471,106408.80037931747,0.1785303078449685,0.20613783022056348,-0.02163285650693325,0.5059946812101064
2025-10-17,108076.72862033188,84773160808.27399,31.15854978083175,-929.6613985520235,417.9363460845643,-1347.5977446365878,False,False,116756.72395068881,127443.76240644469,106069.68549493294,0.18306506202194314,0.09390080955112383,-0.023773576159506815,0.499003877211673
2025-10-18,106443.61194984635,94325236794.78163,26.23725858246803,-1500.3995737897058,34.26916210971035,-1534.668735899416,False,False,116596.16403764326,127815.67962615684,105376.64844912969,0.19245085258364653,0.04754944597648278,-0.015110715242155237,0.4863355745210537
2025-10-19,107156.00337647724,34412835719.61292,27.5049889137304,-1873.631596437961,-347.3109895998239,-1526.320606838137,False,False,116346.83552509078,128187.50708604525,104506.1639641363,0.20354093014246144,0.11189565552510496,0.0066926649103804525,0.49060666509268025
2025-10-20,108621.134857428,45373692612.394394,28.22586180357395,-2027.8213354006439,-683.413058759988,-1344.408276640656,False,False,116062.43474740248,128373.09553991388,103751.77395489109,0.21213859280660852,0.19777008661870338,0.013672882851026413,0.49580907701775945
2025-10-21,110608.5714932665,60452111148.140076,29.706793517524943,-1966.9742330349836,-940.1252936149872,-1026.8489394199964,False,False,115891.65193029077,128414.31143444768,103368.99242613386,0.21610977659873779,0.2890591676923522,0.01829696070149822,0.5060802961475603
2025-10-22,108486.10262716639,105841401713.00197,30.702887706123875,-2066.2000967617932,-1165.3402542443484,-900.8598425174448,False,False,115390.79483577286,128269.87083301267,102511.71883853305,0.22322536239688165,0.23194147584476327,-0.019189008929830775,0.5004460609411203
2025-10-23,107618.4266715404,83996418125.93103,26.016828412460725,-2189.6110337855935,-1370.1944101525974,-819.4166236329961,False,False,114741.13021355434,127820.60965911024,101661.65076799844,0.2279824056327942,0.22771456342499663,-0.007998037855668327,0.4844958106499731
2025-10-24,110048.51827291629,56192643013.57058,32.65303081356872,-2067.4942209875153,-1509.654372319581,-557.8398486679343,False,False,114131.04853377875,126869.60934387124,101392.48772368627,0.2232269128119387,0.3397570054527682,0.02258062746812617,0.5102876361460561
2025-10-25,110997.80437129698,49120903424.344864,45.76669922028415,-1872.5309413348587,-1582.2296861226366,-290.30125521222203,False,False,113561.89189811198,125753.90565212547,101369.87814409849,0.21472015920538196,0.39484561047304734,0.008626068876515847,0.37862367942405595
2025-10-26,111620.3093731354,23214874411.212166,51.57827252291592,-1648.7840304479905,-1595.5405549877075,-53.24347546028298,False,False,112967.59810675491,124242.92532346697,101692.27089004286,0.199620553250266,0.4402550051220425,0.005608264103640126,0.3640998974004435
2025-10-27,114476.01227508577,42483268634.18711,48.436827639779644,-1226.888822840323,-1521.8102085582307,294.9213857179077,True,False,112452.723308972,122309.33366428626,102596.11295365774,0.17530229709479797,0.6026361443324634,0.025584079796840964,0.3288087228544833
2025-10-28,114182.79442806762,63764801510.65889,47.74852164688675,-905.7531029914098,-1398.5987874448665,492.84568445345667,False,False,112085.92523358781,121025.31210157141,103146.53836560421,0.15950953430332773,0.617282607042645,-0.0025613911699994274,0.32898625605194926
2025-10-29,112950.34863259472,66299512352.17796,49.53660976481051,-742.1438349083037,-1267.307796937554,525.1639620292503,False,False,111565.81742145595,118791.30151377872,104340.3333291332,0.12952863626727984,0.59580888930403,-0.010793620892237898,0.3202821060859332
2025-10-30,110046.66925837283,64235327509.05742,48.542304778736494,-837.1349984858534,-1181.273237247214,344.1382387613605,False,False,110983.24935098542,116428.56702066431,105537.93168130654,0.09812864016006642,0.4140013356954594,-0.025707573366302583,0.3285778050969692
2025-10-31,108240.76528725718,72648897659.94229,50.374837221556014,-1046.0789904548728,-1154.234387888746,108.15539743387308,False,False,110735.20058327883,116206.91739071392,105263.48377584374,0.09882524759270322,0.27206100171045455,-0.01641034647650863,0.3157014693113761
2025-11-01,109573.90555629115,58800487940.5146,57.25240351472866,-1091.5130482802488,-1141.6901199670465,50.17707168679772,False,False,110671.24002915146,116167.00654898543,105175.4735093175,0.09931697735358075,0.40016547565293376,0.012316434251882669,0.3092652076229804
2025-11-02,110014.13556776087,24938475577.849922,56.7064233035489,-1079.552573601366,-1129.2626106939106,49.71003709254455,False,False,110412.4682343532,115483.40910578426,105341.52736292215,0.09185449709661155,0.460723988240872,0.004017653740046256,0.30847332927804216
2025-11-03,110650.2092823146,35098774843.7742,54.95382931983127,-1007.1383148019231,-1104.837751515513,97.69943671358988,False,False,110183.86454741067,114726.54184484886,105641.18724997249,0.08245630730230077,0.5513292827521461,0.005781745330007526,0.30266840534890127
2025-11-04,106521.08673825761,75068433317.86293,40.965504468564895,-1268.3148299145687,-1137.533167195324,-130.78166271924465,False,True,109852.09041241009,114449.52885855922,105254.65196626096,0.08370233882467386,0.13773265121770448,-0.03731689773420921,0.3458316903032647
2025-11-05,101635.2740227234,108965721650.60309,36.506088468907734,-1848.2380161575275,-1279.6741369877648,-568.5638791697627,False,False,109398.42063310657,115257.54055180811,103539.30071440502,0.10711525604837545,-0.16248401791574651,-0.04586709416079815,0.40386520813741017
2025-11-06,103877.95965955159,77083907216.62631,43.011058778558656,-2102.627549835568,-1444.2648195573256,-658.3627302782425,False,False,109188.48218506754,115528.18574941091,102848.77862072416,0.11612403501677004,0.08116949226268966,0.022066016532082955,0.4250442024831978
2025-11-07,101322.6402945857,64118217249.57436,33.771922395106216,-2481.81716174772,-1651.7752879954046,-830.0418737523155,False,False,108932.4336023045,116098.6876278116,101766.17957679741,0.1315724580554214,-0.03094638291030497,-0.024599244857529623,0.41569514452586165
2025-11-08,103396.084215925,93627003785.31018,36.42999869625904,-2585.217289472377,-1838.4636882907994,-746.7536011815778,False,False,108744.43764427691,116293.93459757186,101194.94069098197,0.13884842511192605,0.14578080755316788,0.020463777052305065,0.43122274023088664
2025-11-09,102290.13714655167,51095924202.31797,33.627097475331865,-2724.9913177026756,-2015.7692141731748,-709.2221035295008,False,False,108427.88775873308,116511.19752788125,100344.57798958491,0.14910019804378447,0.12034421620166276,-0.010696218118509737,0.4281823516213421
2025-11-10,104709.67861656273,59952468437.71812,32.59527830775599,-2610.434996711847,-2134.7023706809096,-475.73262603093735,False,False,108132.94311489789,116311.14727667155,99954.73895312424,0.15126202850289222,0.2907080557895524,0.023653712249349867,0.424282673037188
2025-11-11,105909.07272321742,67546556819.52642,35.71661086804316,-2395.2561840461713,-2186.8131333539623,-208.443050692209,False,False,108004.09161970046,116239.86959339472,99768.3136460062,0.1525086290747899,0.3728098970628707,0.01145447223696272,0.4335165997851466
2025-11-12,102960.77564500563,71008299178.73956,33.71898352984944,-2434.5642181506846,-2236.363350313307,-198.2008678373777,False,False,107771.2090683737,116310.71228782157,99231.70584892583,0.1584746667179009,0.21834231454982142,-0.027838002943495366,0.44826763303997635
2025-11-13,101521.70859453593,63332414142.58827,35.40944955473894,-2552.4141609406797,-2299.5735124387816,-252.84064850189816,False,False,107344.86858445469,116249.26835040006,98440.46881850931,0.16590266276100094,0.17301782585114453,-0.01397684741062366,0.4379154664355727
2025-11-14,99730.4533956204,100463341916.4732,35.4272138307538,-2758.5515489552636,-2391.369119742078,-367.1824292131855,False,False,106781.50103567087,116127.56478426351,97435.43728707822,0.17505024106133413,0.12277982315751708,-0.017644060799543504,0.4388231145902917
2025-11-15,94456.39368235337,113198323665.38873,27.191614338472604,-3309.34142781471,-2574.9635813566047,-734.3778464581055,False,False,105923.30525113177,116473.15200599447,95373.45849626906,0.19919783903741026,-0.04346341872183991,-0.05288314184580489,0.4877043558755517
2025-11-16,95508.31019889197,39062120798.23745,28.511121072311695,-3619.2450987890916,-2783.8198848431025,-835.4252139459891,False,False,104974.92014732207,115696.33162662669,94253.50866801746,0.2042661516533313,0.05851848580276178,0.011136530578079062,0.4948504989666602
2025-11-17,94411.32947182967,72645149972.7847,26.26785976724912,-3908.310595884672,-3008.718027051417,-899.592568833255,False,False,103986.34689951016,114778.79174597785,93193.90205304246,0.2075742665890023,0.05640183647478466,-0.011485709722828141,0.48744923199279827
2025-11-18,92036.7255045672,95794596045.06412,27.687755852228477,-4279.674357711119,-3262.9092931833575,-1016.7650645277618,False,False,102940.6657431088,114121.8176955678,91759.51379064978,0.21723488714094538,0.012396384339292374,-0.025151684448750267,0.47272046125258593
2025-11-19,92819.75921500899,103837258806.01602,34.45539550990027,-4459.393426597351,-3502.2061198661563,-957.1873067311949,False,False,102079.32024094061,113604.44516715812,90554.1953147231,0.2258072428189068,0.09828804090149858,0.00850783973624658,0.43741436690164864
2025-11-20,91363.27838693369,82897875507.45229,27.303263435741002,-4665.566171393439,-3734.878130171613,-930.6880412218256,False,False,101235.44589592442,113319.04126919052,89151.85052265832,0.23872261867031627,0.09150537550967465,-0.015691495435810054,0.4105361450628804
2025-11-21,86649.97257918229,99171039191.1295,25.321246283295523,-5149.918885782026,-4017.886281293696,-1132.0326044883304,False,False,100089.24924706898,113151.80202125004,87026.69647288791,0.26101809879573235,-0.014419995088947786,-0.05158862390850316,0.4596824003890785
2025-11-22,85051.8019295002,135093457122.46469,18.64445424400627,-5598.198370411177,-4333.9486991171925,-1264.2496712939846,False,False,98841.13256515595,112659.19398729366,85023.07114301823,0.2796014384604278,0.0010396098846378293,-0.018443983328692348,0.4270658897794851
2025-11-23,84682.62429147748,42644968955.2184,19.126184102578364,-5915.067426411188,-4650.172444575992,-1264.8949818351957,False,False,97542.7533156141,111567.18832308825,83518.31830813995,0.2875546266793599,0.04150990691307804,-0.004340621005640033,0.42951254898184776
2025-11-24,86783.84766839583,60446592409.29218,18.213192310466624,-5928.2995236779825,-4905.79786039639,-1022.5016632815923,False,False,96555.89136212101,110697.4191694591,82414.36355478292,0.2929190048963875,0.1544912322466873,0.024812922302525076,0.4323339672663754
2025-11-25,88229.35740719768,77606296173.43544,18.9208867816495,-5755.796264325298,-5075.797541182172,-679.998723143126,False,False,95885.59553134472,110281.96532903798,81489.22573365146,0.30028222107641034,0.23409136359591823,0.016656437547286407,0.44134475869080586
2025-11-26,87310.33159950442,67956444142.18749,20.37450558546017,-5628.363618274365,-5186.31075660061,-442.0528616737547,False,False,95057.21412834237,109423.81577087831,80690.61248580643,0.302272726468477,0.2303856986644166,-0.010416326659297148,0.4334719784583029
2025-11-27,90474.22677969698,69690430587.90018,30.369551865037366,-5211.991831429652,-5191.446971566418,-20.544859863233796,False,False,94514.79345259792,108703.44872281808,80326.13818237776,0.30024199920272177,0.35761276893584565,0.03623735155085028,0.4965412518251978
2025-11-28,91279.06057176423,59295194347.668594,34.43701175006508,-4762.175435743338,-5105.592664401803,343.4172286584644,True,False,93908.94227038989,107524.04020455365,80293.84433622613,0.2899638225071711,0.4034203899471552,0.008895724458933607,0.5003625650719451
2025-11-29,90950.37695910994,62833195066.53989,42.10599862563554,-4381.705152545648,-4960.8151620305725,579.1100094849244,False,False,93341.9542610178,106421.39500987492,80262.51351216069,0.28024784465691127,0.4085749403269846,-0.0036008654185905042,0.42882526638635277
2025-11-30,90841.45258193677,39253888201.69327,39.02631040591013,-4042.371061580692,-4777.126341940597,734.7552803599046,False,False,92648.54295928651,104613.42029514058,80683.66562343245,0.2582852779694962,0.42448353933664673,-0.0011976242519824432,0.4224200363837138
2025-12-01,90406.28448571145,40334819409.843475,40.27997797695776,-3765.1583762035443,-4574.732748793187,809.5743725896427,False,False,91873.4035474112,102104.12227690972,81642.68481791268,0.22271339331015347,0.4282983385385446,-0.00479041322938778,0.42017392679108034
2025-12-02,86281.49519776918,92988982967.24597,37.12604426618459,-3834.1041826960136,-4426.607035573753,592.5028528777393,False,False,91039.43952504938,100119.21260740323,81959.66644269554,0.19946900221975897,0.2379921125712345,-0.04562502829760895,0.4616233340754051
2025-12-03,91344.73275150165,83138039128.81346,47.23076959357101,-3440.5230674542254,-4229.390241949848,788.8671744956227,False,False,90530.59073289766,98162.07018623597,82899.11127955935,0.1685944914654164,0.5533410345649199,0.058682774818943795,0.5611552932647064
2025-12-04,93619.43750817103,81429135004.88295,54.109482194238964,-2911.4956254369754,-3965.8113186472738,1054.3156932102984,False,False,90225.03993852521,96708.60294859378,83741.47692845664,0.14371981468750003,0.7617694595066429,0.024902418433448092,0.5690198450123178
2025-12-05,92140.70419795791,67878296355.02588,61.33695515260123,-2581.797630079367,-3689.008580933693,1107.2109508543258,False,False,90109.25546430543,96352.9233026891,83865.58762592176,0.1385799451168908,0.6626807179879037,-0.015795152690209924,0.4991613323645931
2025-12-06,89307.09154512963,50193142876.74388,58.359598469044684,-2520.108214226173,-3455.228507592189,935.1202933660161,False,False,89799.19453161731,95506.84429492698,84091.54476830763,0.12712028861907157,0.4568909264850965,-0.03075310393483055,0.5187660625237157
2025-12-07,89244.7620814118,24818678152.49986,59.071778645851495,-2448.0290198317816,-3253.788610040108,805.7595902083262,False,False,89540.86616209641,94821.2758023664,84260.45652182642,0.11794412689086198,0.4719620161259427,-0.00069792289323789,0.5174863810061305
2025-12-08,90162.90714007126,33912893266.90874,57.05099096623742,-2290.4166090618382,-3061.114209844454,770.6976007826156,False,False,89447.17524387162,94606.22472202659,84288.12576571666,0.1153541062440299,0.569366643916701,0.010287943373325392,0.5063528894654792
2025-12-09,90618.0535204608,45466493941.40448,55.199321461927774,-2104.521514905471,-2869.795670856657,765.274155951186,False,False,89337.08995914421,94282.67315840152,84391.5067598869,0.11071735606160957,0.6295058145527664,0.005048044643042093,0.5010399943024498
2025-12-10,92723.21372069631,54575121853.64529,61.203379191797836,-1766.9610517737892,-2649.228747040084,882.2676952662946,False,False,89405.08672583234,94503.01594395562,84307.15750770907,0.11404114474507408,0.8254387078451323,0.023231134618888927,0.5066252808705269
2025-12-11,92005.13714957413,52189659395.756485,53.525567530696094,-1539.6367566829576,-2427.3103489686587,887.673592285701,False,False,89672.84495435194,94723.80442241045,84621.88548629342,0.11265304386472205,0.7308761543199118,-0.007744302017887228,0.47858165482704673
2025-12-12,92494.17691640415,53232377699.408394,52.839620678937315,-1304.9762391674158,-2202.84352700841,897.8672878409943,False,False,90044.96370369714,94747.02009555808,85342.9073118362,0.10443796517778772,0.7604406464527405,0.005315352837689691,0.47737348420356296
2025-12-13,90307.26028567803,67750393558.62937,48.61719034792596,-1280.7087701841956,-2018.4165756435673,737.7078054593717,False,False,90326.19550340716,94293.20755690549,86359.18344990883,0.08783746578474438,0.4976134156546826,-0.02364383038623763,0.49376050408016325
2025-12-14,90257.4292885891,35222775785.402145,48.74105185439948,-1251.0759464445,-1864.948449803754,613.8725033592541,False,False,90499.87458441683,94101.18543199908,86898.56373683458,0.07958709034945693,0.4663392989263213,-0.0005517939192406507,0.4937348250210466
2025-12-15,88230.77409367911,33808538697.042442,45.61147980679861,-1375.2725707843347,-1767.0132739998703,391.74070321553563,False,False,90499.9454187409,94101.06827970958,86898.82255777222,0.07958287365382108,0.1849355863893801,-0.022454164835893686,0.5064671192663625
2025-12-16,86413.9190195637,50630498834.055145,50.294557363678685,-1601.8393043613905,-1733.9784800721745,132.139175710784,False,False,90455.12478974386,94240.97671993266,86669.27285955506,0.08370674274097192,-0.0337247526712723,-0.020592079042470512,0.4590200942946261
2025-12-17,87821.88919109134,48317754254.70281,40.64227121516138,-1648.777565653334,-1716.9382971884065,68.1607315350725,False,False,90322.50791031358,94287.14171101848,86357.87410960867,0.08778839056686996,0.18463433889182446,0.016293326208349335,0.34460414733012606
2025-12-18,86064.94716216,48886793507.656334,29.365420110623404,-1806.917988453206,-1734.9342354413666,-71.98375301183933,False,True,90061.80223983337,94427.08410021436,85696.52037945238,0.09693969589363312,0.04219965565699531,-0.020005741679143596,0.3191251879259793
2025-12-19,85450.3312009302,58649139178.511856,30.820310203433962,-1959.2547156058572,-1779.7983314742648,-179.45638413159236,False,False,89786.79995192437,94587.63501342013,84985.96489042862,0.10693854918688112,0.048363076897387565,-0.007141304113877589,0.31458888804868057
2025-12-20,88103.86075721023,51932451056.500565,46.51464012398126,-1844.601591756058,-1792.7589835306235,-51.84260822543456,False,False,89649.92036068805,94480.1618023964,84819.6789189797,0.10775785237231365,0.3399604220476599,0.03105347304085293,0.3316996709764778
2025-12-21,88347.94310567998,17103607834.780054,47.42928186986615,-1714.2815883860603,-1777.063504501711,62.781916115650574,True,False,89547.00329168647,94397.06185781756,84696.94472555538,0.10832430763389643,0.37638704052155525,0.002770393333186183,0.3322104175958116
2025-12-22,88577.42038358838,22541294542.323105,45.26841786697334,-1574.337169406761,-1736.518237482721,162.18106807595996,False,False,89661.79955097743,94290.03230980782,85033.56679214704,0.10323756119124056,0.38285170345850456,0.0025974263784942497,0.3274323889176227
2025-12-23,88491.12020788102,41948947368.210236,43.50968981993795,-1453.6372862810385,-1679.9420472423847,226.30476096134612,False,False,89519.11892379641,94104.64830198385,84933.58954560898,0.10244804536315621,0.38790839277953293,-0.0009742909122171239,0.32568108466986845
2025-12-24,87406.43636737975,46353794741.509995,32.69838659904468,-1429.033669555516,-1629.760371705011,200.72670214949494,False,False,89208.46886675684,93453.57439277988,84963.3633407338,0.09517270232187464,0.28775174276229365,-0.012257544462689118,0.29916284845819685
2025-12-25,87642.60888119951,29100645180.040016,35.34399214159984,-1374.6320750691957,-1578.7347123778482,204.10263730865245,False,False,88983.56410091891,93047.30996912529,84919.81823271254,0.09133699934962276,0.3350099559361398,0.0027020036925782254,0.30033813247899227
2025-12-26,87229.78066010943,22773603342.32636,32.22311732862245,-1349.2765861988591,-1532.8430871420505,183.5665009431914,False,False,88879.6985566679,93014.19961129612,84745.1975020397,0.09303589282522463,0.30046952766990676,-0.004710359793712593,0.29655618720207616
2025-12-27,87305.95655961394,47130449135.786705,38.180231831692126,-1307.9580934060796,-1487.8660883948564,179.90799498877686,False,False,88782.75828057803,92971.77686340555,84593.7396977505,0.09436558773245303,0.3237293900989021,0.000873278585914683,0.27687992022514984
2025-12-28,87807.003210775,15670944599.660688,40.680901895222796,-1220.7110161292949,-1434.4350739417441,213.72405781244925,False,False,88664.9630841132,92822.95316486475,84506.97300336165,0.0937910519808601,0.3968299759407885,0.0057389744171572055,0.27985133620507896
2025-12-29,87822.90829076794,17428479525.19913,48.168802149729046,-1137.1750259428518,-1374.9830643419657,237.8080383991139,False,False,88525.20582262856,92593.72525745527,84456.68638780185,0.09191776278901861,0.4136912649539142,0.0001811368047119899,0.255938058915866
2025-12-30,87156.56266080117,53957962807.988785,53.718395940125305,-1111.9231177776965,-1322.3710750291118,210.44795725141535,False,False,88246.87326963381,91840.04143482751,84653.70510444012,0.08143445840205475,0.3482800472025958,-0.00758737831546874,0.2346422052923281
2025-12-31,88414.62856073362,39734225800.079216,53.01305947482246,-979.1088373941166,-1253.718627502113,274.60979010799633,False,False,88067.34784019177,91199.03915391267,84935.65652647086,0.07112037299916685,0.5554461927681548,0.01443455158768292,0.23133842038205849
2026-01-01,87520.18048742875,37245075349.02766,58.10834457475158,-935.2461126006092,-1190.0241245218122,254.77801192120296,False,False,87818.648018743,90160.53768395924,85476.75835352676,0.05333467818170944,0.43627634645915486,-0.010116516778560625,0.21131303640984894
2026-01-02,88727.67004249741,21163124465.205833,67.1291562474438,-793.8987014594604,-1110.799039909342,316.9003384498815,False,False,87739.66850658398,89820.12893016609,85659.20808300188,0.04742348492976093,0.7374478083587627,0.013796698639602312,0.21496855634922954
2026-01-03,89926.27924953419,50705395175.73333,61.23336745153956,-578.49359984498,-1004.3379518964696,425.8443520514895,False,False,87723.11100463124,89722.90905471414,85723.31295454834,0.04559341380351463,1.0508476830476998,0.0135088547514286,0.16233370557372473
2026-01-04,90593.85443180417,23480735292.761147,63.15687701035481,-349.8825387426332,-873.4468692657023,523.5643305230691,False,False,87841.26502153749,90212.1587781197,85470.37126495528,0.05398132087466868,1.080496153112045,0.007423582826300956,0.1650741654544508
2026-01-05,91373.21588108438,31050236622.948975,65.38686420921508,-104.61275943220244,-719.6800472990024,615.0672878667999,False,False,88089.22986461353,90838.69988897606,85339.759840251,0.06242465801070695,1.0972034587342436,0.008602807046551808,0.16866760808102207
2026-01-06,93926.7956485658,59451605754.8414,73.52640414234581,292.44671019053203,-517.2546958010955,809.7014059916276,False,False,88394.47518748723,92179.49385042256,84609.4565245519,0.08563925867328682,1.2308181218832084,0.027946699072129988,0.21214561156781445
2026-01-07,93666.86387314305,57439451725.50999,79.17924556298335,579.4651648732979,-297.9107236662168,877.3758885395148,False,False,88774.5710230364,93067.3351815261,84481.80686454671,0.09671157199679958,1.0698301455055812,-0.0027673868104188815,0.19625838109359092
2026-01-08,91257.15544035907,47910812257.04945,64.00870752663536,605.5061285778938,-117.2273532173947,722.7334817952885,False,False,89064.91223500784,93193.34660573977,84936.4778642759,0.09270619073510328,0.7655053960519379,-0.025726370384809183,0.2515135588109976
2026-01-09,90983.51578142625,48319133568.469185,64.70682397867378,597.1794335759914,25.654004141282527,571.5254294347089,False,False,89208.89498621864,93396.6379570493,85021.15201538798,0.09388622001152686,0.7118827262762503,-0.0029985556487310827,0.2501940632643136
2026-01-10,90504.89560340019,43664879516.319695,62.15002922445617,545.6696790331043,129.6571391196469,416.01253991345743,False,False,89316.74261110465,93522.18808864131,85111.29713356799,0.09416925325742462,0.6412636305288041,-0.005260515313299963,0.2536586763607776
2026-01-11,90442.01907847001,13961660357.407768,60.352756094947985,494.07878469274146,202.54146823426584,291.53731645847563,False,False,89409.97254584874,93629.05772391117,85190.8873677863,0.0943761653857778,0.6223069088516515,-0.0006947306497728789,0.25358999829234463
2026-01-12,90819.36598904192,19870776213.774654,61.44769896729036,478.12978872020904,257.6591323314545,220.47065638875455,False,False,89526.38483490677,93767.14674762326,85285.62292219028,0.09473770041171149,0.6524467985644248,0.004172252172350399,0.25351850623777283
2026-01-13,91134.96917951507,46923085427.627655,65.6176947413945,485.36168697068933,303.19964325930147,182.16204371138787,False,False,89712.81147551355,93888.4943845235,85537.1285665036,0.09309000220441584,0.67029043332444,0.003475064894322477,0.24740195965710066
2026-01-14,95260.4422971001,66844465446.74208,71.9357163045843,814.594087436155,405.4785320946722,409.1155553414828,False,False,90093.70314630857,94826.8217687578,85360.58452385935,0.1050710195531164,1.0458070632632825,0.04526772933294998,0.32453309660445623
2026-01-15,97007.78078881276,68433627980.993996,78.82515598783792,1202.6454023826373,564.9119061522653,637.733496230372,False,False,90582.60315274374,96035.43264154295,85129.77366394454,0.12039462985192521,1.0891599626640744,0.018342750144525022,0.31862725242501705
2026-01-16,95584.82797878512,59629891835.2242,70.56413237675217,1379.4569446047972,727.8209138427717,651.6360307620255,False,False,90996.5467237023,96655.1175777971,85337.9758696075,0.12436891415838491,0.9054275693802206,-0.014668439979318992,0.33554940553488394
2026-01-17,95516.07771987123,37208122951.606445,67.98200345401466,1496.7798479754128,881.6127006692999,615.167147306113,False,False,91382.00044915712,97174.44099727427,85589.55990103996,0.12677421198149277,0.8568510748080017,-0.0007192591164064677,0.33384282161455525
2026-01-18,95099.53192554631,17839431205.011776,64.7324010325431,1538.413457074901,1012.9728519504202,525.4406051244808,False,False,91745.83163089603,97511.04831740525,85980.61494438682,0.1256780081236462,0.7908563959528215,-0.00436100187809807,0.3363160552818349
2026-01-19,93752.70577188236,23132534225.645782,57.501926110199705,1446.0614809252293,1099.5905777453822,346.470903179847,False,False,92075.63878645009,97478.75455991995,86672.52301298022,0.11736254767672577,0.6551944337068378,-0.014162279523293408,0.3467620673845222
2026-01-20,92558.46334372147,43338958368.50777,45.28156579366812,1261.9594086934085,1132.0643439349874,129.89506475842109,False,False,92282.8305255995,97405.35951936984,87160.30153182914,0.11101802934727596,0.5269039783334732,-0.01273821825544652,0.3226385659658061
2026-01-21,88312.84053255555,60578606228.98298,35.518352771138694,764.6564280348393,1058.5827607549577,-293.92633272011835,False,True,92322.46352785583,97300.05563857954,87344.87141713212,0.10783057384992448,0.0972326673109717,-0.045869633718955916,0.39624445842600703
2026-01-22,89354.34377512129,62357735672.95213,44.441859860834306,449.4004320194217,936.7462950078506,-487.34586298842885,False,False,92353.79721448701,97243.2179952587,87464.37643371533,0.10588456410549653,0.19327108732781995,0.011793338729511271,0.38461350770414543
2026-01-23,89443.39744146909,39301750755.698135,45.45225131013098,204.38761727703968,790.2745594616885,-585.8869421846488,False,False,92329.65312408376,97274.00649228781,87385.29975587972,0.10710217575623776,0.20812607153288262,0.0009966349993226764,0.3846637195101559
2026-01-24,89412.39849953113,43393369570.58639,46.6864173467475,7.6239566003205255,633.7444388894149,-626.1204822890944,False,False,92270.5803274701,97329.1650916797,87211.99556326051,0.10964675297926108,0.21749195069724564,-0.0003465760785555938,0.3839641767401678
2026-01-25,89170.87364531498,16537403154.850498,46.1859037104574,-165.88942924170988,473.81766526319,-639.7070945048999,False,False,92160.46321568164,97394.14928974737,86926.77714161591,0.11357768595015452,0.2143896741169811,-0.0027012456691609676,0.38410308047998265
2026-01-26,86548.32213469829,39912523619.12114,38.70631252490961,-509.14887564300443,277.22435708195115,-786.3732327249556,False,False,91791.53953998827,97517.99864264752,86065.08043732902,0.12477095669943669,0.042193761337164404,-0.029410405028082565,0.4092906009480059
2026-01-27,88307.8612070438,50644433646.50017,43.05478640306923,-631.919981717394,95.39548932208214,-727.315471039476,False,False,91523.5894066833,97380.60164488618,85666.57716848042,0.12798912883928443,0.22548049510084403,0.020330134992184723,0.4257507461198698
2026-01-28,89204.22239644526,43778458930.62677,32.3163785767763,-649.4022066186881,-53.5640498660719,-595.8381567526162,False,False,91420.94275448761,97368.86699688743,85473.01851208779,0.1301216999779376,0.31365596906560744,0.01015041217338375,0.3466558594666061
2026-01-29,89162.09701574955,45893249753.273575,24.55772660114974,-659.0589407521911,-174.66302804329575,-484.39591270889537,False,False,91329.87181620377,97361.18880020198,85298.55483220555,0.1320776404052313,0.3202900953302918,-0.0004722352772550398,0.32440418467124327
2026-01-30,84570.40906135936,70962598615.0189,20.371169537613397,-1025.4026126798854,-344.8109449706137,-680.5916677092716,False,False,91033.14748910173,97777.16739173065,84289.12758647281,0.14816624688136368,0.020854140330821214,-0.05149820504534697,0.39849555751938015
2026-01-31,84141.77856967277,79515463845.849,19.984242919705707,-1334.931253980816,-542.8350067726542,-792.0962472081619,False,False,90718.13546366186,98133.55967888827,83302.71124843546,0.16348272982741657,0.056575813930807566,-0.005068327047769161,0.39672597252685576
2026-02-01,78725.85853884545,78488542272.81866,15.812094874083712,-1994.265761687362,-833.1211577555958,-1161.1446039317661,False,False,90113.46009115205,99263.52209250313,80963.39808980098,0.20307869639220508,-0.12226909230916323,-0.0643665979361574,0.4860769605784742
2026-02-02,76937.06406636834,58330740751.53287,15.525548799974501,-2630.8075616927963,-1192.658438543036,-1438.1491231497603,False,False,89403.5648354947,100263.26503868368,78543.86463230573,0.24293662614396086,-0.07397996886993015,-0.02272181600400669,0.4885619726167204
2026-02-03,78767.65815345927,84675130404.55545,22.44584205382469,-2953.511636667681,-1544.8290781679652,-1408.682558499716,False,False,88578.92562831266,100053.39221422406,77104.45904240126,0.25907892886530554,0.07247391844341264,0.023793396710742654,0.5248596314650278
2026-02-04,75638.95670207398,73734215653.24066,23.494455687167758,-3422.2672341326397,-1920.3167093609004,-1501.9505247717393,False,False,87510.48442397574,99641.06288591505,75379.90596203643,0.2772371457382957,0.010677592204293599,-0.03972063566101958,0.5142543885371107
2026-02-05,73172.29203248928,74109194166.40112,18.061506040167984,-3947.296667507864,-2325.7127009902933,-1621.5839665175708,False,False,86389.85762666093,99482.56017014707,73297.15508317479,0.30310739948356114,-0.004768421579532225,-0.0326110350688783,0.5097809585394704
2026-02-06,62853.69038445987,142403234254.4544,12.615731888792055,-5136.7973901659425,-2887.9296388254234,-2248.867751340519,False,False,84756.73825989036,100858.78966518257,68654.68685459816,0.3799592040910857,-0.1801322180673107,-0.14101788206180332,0.8169675131452389
2026-02-07,70523.95417035831,128662818793.56021,28.13936674697463,-5398.3305045965535,-3390.0098119796494,-2008.3206926169041,False,False,83527.95937213096,100052.02216716461,67003.89657709732,0.395653453508093,0.10651307843973325,0.12203362664914996,1.104666561573677
2026-02-08,69296.80677355142,68978204828.46071,27.51170639018622,-5639.608030410309,-3839.9294556657815,-1799.6785747445274,False,False,82305.16442221442,99257.3436580687,65352.98518636015,0.41193476387196976,0.11632196463714795,-0.017400433813489546,1.1025317890337056
2026-02-09,70542.37329463876,42782981463.70375,31.30609062814348,-5665.012659717133,-4204.946096476052,-1460.066563241081,False,False,81204.35991976029,98212.3178979739,64196.401941546676,0.41889272928250476,0.186558885000215,0.01797437110136424,1.1131884381094157
2026-02-10,70096.40692272567,56115089203.17752,28.056916024376378,-5655.933687734461,-4495.1436147277345,-1160.7900730067267,False,False,80293.53823926879,97646.22475831883,62940.85172021875,0.4322312081288614,0.20618004003735801,-0.006321964389408796,1.0990794453558896
2026-02-11,68779.90981269129,43014177103.90287,25.637290413655947,-5689.385160768026,-4733.991923935793,-955.393236832233,False,False,79264.81654114729,96794.33925196456,61735.29383033001,0.44230273848467166,0.20093576130324764,-0.018781235270528107,1.0905310400326689
2026-02-12,66937.58141157958,54917156057.4172,24.581592562711165,-5797.723649862863,-4946.738269121208,-850.9853807416548,False,False,78139.52573965282,95806.80992474422,60472.24155456141,0.4521983981309457,0.18297492102589163,-0.0267858507830111,1.087695071126036
2026-02-13,66184.57765470445,47600564765.981926,26.947793511671293,-5876.601983464381,-5132.7110119898425,-743.8909714745387,False,False,76978.13469741149,94578.9597986338,59377.30959618917,0.45729414386067674,0.193379231353266,-0.011249342163188292,1.0729861035855315
2026-02-14,68838.87490510389,43307347077.16525,31.82740646534465,-5659.692612511033,-5238.107332094081,-421.5852804169517,False,False,75961.53476040091,92934.65976147234,58988.409759329494,0.4468873635744282,0.2901783008477398,0.040104467603424565,1.1099150429647542
2026-02-15,69765.59638824302,38886730356.77217,38.08955629533957,-5351.324951570554,-5260.750855989376,-90.57409558117797,False,False,75122.39847307817,91542.1536457092,58702.64330044713,0.43714672338411636,0.3368793557359481,0.01346218229767171,1.078797398303489
2026-02-16,68716.58337486399,44139541277.476685,38.85369642100303,-5132.4245464699925,-5235.085594085499,102.6610476155065,True,False,74142.83458146917,89557.29696943288,58728.372193505464,0.41580450693522064,0.32398830818640023,-0.015036250927195072,1.0763814264459872
2026-02-17,68907.78353606178,36789211960.55089,36.008794745691475,-4887.179776948411,-5165.504430658081,278.3246537096702,False,False,73128.01263844999,86958.48947984319,59297.535797056786,0.3782538685899219,0.34743009403126657,0.0027824456893432714,1.0650436748839283
2026-02-18,67489.45540267964,38338996657.38213,37.845853062094044,-4752.485067570844,-5082.900558040634,330.4154904697898,False,False,72044.38055779651,83830.24382961722,60258.51728597581,0.3271834161268324,0.30676319374892846,-0.02058298875104403,1.0534806987748853
2026-02-19,66456.3537620677,36348385076.441895,39.536441175933994,-4675.20831710934,-5001.362109854375,326.1537927450354,False,False,71138.67779283192,81578.73148772474,60698.62409793911,0.29351272806323586,0.2757519181604027,-0.01530760078663973,1.0451915330970034
2026-02-20,66918.68417467622,34180839195.07364,59.140665297692195,-4524.504068680893,-4905.990501619679,381.4864329387856,False,False,70277.52307308209,78881.32752864959,61673.7186175146,0.2448522395025317,0.3048050187709474,0.006956903086555055,0.7326082912402975
2026-02-21,67970.29403133177,53528257484.904335,41.82415987258,-4270.980534268063,-4778.988508149356,508.00797388129286,False,False,69739.7448477064,77414.52539435201,62064.9643010608,0.22009775239084525,0.38472303503531413,0.015714741998072768,0.3653642433785632
2026-02-22,67977.90904199042,20679811587.418015,45.41972396786785,-4023.0713764360407,-4627.805081806693,604.7337053706524,False,False,69291.78709648752,76205.92298449176,62377.65120848328,0.19956581227661033,0.404986098351305,0.00011203439336515686,0.3560851346922599
2026-02-23,67585.11718938159,20354767532.065258,39.08343005181508,-3814.327410520069,-4465.1095475493685,650.7821370292995,False,False,68732.66004828362,74042.8921847952,63422.42791177205,0.15451845258953226,0.39194984047760634,-0.005778227929402857,0.34046427680529195
2026-02-24,64577.553200674425,56724400502.91585,32.867515359431195,-3847.233084066582,-4341.5342548528115,494.3011707862297,False,False,68179.58987321364,72707.71095342808,63651.4687929992,0.13282922612573367,0.10225923636646318,-0.0445003887509674,0.4015429155215661
2026-02-25,64074.11098528222,44864477921.16241,34.614882625007866,-3869.3314029270114,-4247.093684467652,377.7622815406403,False,False,67724.6808208533,71959.4360076073,63489.925634099294,0.125057959238106,0.06897510309571289,-0.007795932029628916,0.3953143224930004
2026-02-26,67947.39185585188,54747624390.78176,52.91443367090068,-3533.5702852602262,-4104.389004626167,570.8187193659405,False,False,67979.3658944229,71539.62112552961,64419.11066331618,0.10474517331144448,0.49550958618196056,0.06045001344551393,0.4972174763685793
2026-02-27,67469.06040327046,45543276394.82464,53.766893911546056,-3268.398468088926,-3937.1908973187187,668.7924292297926,False,False,67826.6212060685,71183.53381108989,64469.708601047125,0.09898510482550872,0.44674261071569193,-0.007039732350524686,0.49467325100562454
2026-02-28,65883.99096235317,43031961580.21165,40.75466186950453,-3149.8403505710303,-3779.7207879691814,629.8804373981511,False,False,67655.98041550859,71045.03700531185,64266.92382570533,0.1001849819924093,0.23857187004683716,-0.023493278718321298,0.46144758593178276
2026-03-01,67008.45435746174,46319353202.33809,41.478804780325156,-2931.3565363751695,-3610.047937650379,678.6914012752095,False,False,67479.28446864974,70591.9307854017,64366.63815189778,0.09225487025423527,0.42436819617859667,0.01706732361964991,0.46537862305887223
2026-03-02,65713.4989891121,43467491553.81901,40.85768064008888,-2830.0752693222603,-3454.0534039847553,623.978134662495,False,False,67260.13907196905,70209.85334948065,64310.42479445747,0.0877106208286416,0.2378322207936482,-0.019325253518632346,0.4690961318454971
2026-03-03,68864.03691918531,60995565405.364334,49.88715455441526,-2467.1473161630274,-3256.67218642041,789.5248702573826,False,False,67264.34542729377,70223.40997885614,64305.2808757314,0.08798315163152326,0.7703035814218566,0.04794354247664123,0.5363397795499829
2026-03-04,68321.6178484252,52704039830.20494,52.2481747492907,-2197.956312168273,-3044.929011569983,846.9726994017096,False,False,67333.54724913606,70324.9937133449,64342.100784927214,0.08885456318350211,0.6651493033739555,-0.00787666676289478,0.5262681245312266
2026-03-05,72669.7701652216,81081561357.69708,64.23622044622954,-1615.1425907508092,-2758.971727406148,1143.829136655339,False,False,67657.80687466191,71429.13442370709,63886.47932561673,0.11148240604463204,1.1644826291777044,0.06364240856302605,0.6051251483265958
2026-03-06,70874.98687140146,55313274475.72516,58.54307914527278,-1283.2895664606767,-2463.835295217054,1180.5457287563772,False,False,67759.61247297679,71767.67979519513,63751.54515075846,0.1183025456002067,0.8886379828446103,-0.02469779785651638,0.62620527912091
2026-03-07,68148.28339966535,46427994894.47989,50.35841438205711,-1226.1811825945333,-2216.30447269255,990.1232900980167,False,False,67678.7468235479,71580.24925852446,63777.24438857135,0.11529475996795734,0.5601738155932056,-0.03847201378228904,0.6594461095967026
2026-03-08,67271.1907777184,24588849466.218872,48.62503966247659,-1237.4320746769808,-2020.5299930894362,783.0979184124553,False,False,67606.47719369062,71480.4854585884,63732.468928792834,0.11460464812561855,0.4567261615043212,-0.012870355322130655,0.6631098342462697
2026-03-09,66036.15782362667,35845854760.95391,47.082040952595264,-1330.6662334762223,-1882.5572411667936,551.8910076905713,False,False,67462.89590806887,71346.6788763952,63579.11293974253,0.11513834133710288,0.3163210848703735,-0.01835901728234013,0.6691671245582306
2026-03-10,68459.31537095344,52419546997.01177,57.47717199696374,-1195.2483343615168,-1745.0954598057383,549.8471254442215,False,False,67511.38890648256,71420.70364278265,63602.07417018248,0.11581200741449142,0.6212394663019666,0.03669440541647928,0.6494301675033006
2026-03-11,69883.00887579883,57031319359.51854,60.8061770058733,-961.9596342770092,-1588.4682946999926,626.5086604229834,False,False,67682.72166216912,71696.31453927245,63669.12878506578,0.11860022110625942,0.7741044347300224,0.020796198400918398,0.6503864169824463
2026-03-12,70226.818790692,48188681300.73879,54.88137567763769,-740.7946522902348,-1418.9335662180413,678.1389139278065,False,False,67848.12839296991,71999.44767990992,63696.8091060299,0.12237093005413399,0.7864981266564368,0.004919792670979861,0.5796017976759857
2026-03-13,70544.42535461926,43093376170.49169,56.63152118493486,-533.7390042974002,-1241.8946538339133,708.155649536513,False,False,67976.83495913428,72300.15438105508,63653.51553721349,0.1271997857658377,0.7969466450323293,0.00452258224701696,0.5771027401006358
2026-03-14,70965.28228600459,62328257621.5837,61.53618991137468,-331.860789784565,-1059.8878810240437,728.0270912394788,False,False,68126.20362133498,72651.39109033723,63601.01615233272,0.13284719325194014,0.8136973533270645,0.005965842506615138,0.5575335645395801
2026-03-15,71217.1010283798,23763781398.02588,59.94922755145826,-149.8241033552913,-877.8751254902934,728.0510221350021,False,False,68307.8028132849,73028.83268898314,63586.772937586655,0.13822812859616873,0.8081211400578792,0.0035484779918204534,0.554064365208422
2026-03-16,72681.9132538886,29137209887.5333,66.34206925935237,111.35574705986073,-680.0289509802626,791.3846980401233,False,False,68713.02081594561,73476.97830492874,63949.06332696248,0.13866243784402502,0.9165541408714544,0.020568265267145502,0.542731886698895
2026-03-17,74858.14870100339,56424669615.78771,64.73031638068917,488.31765131952125,-446.3596305203058,934.6772818398271,False,False,69252.22270173166,74241.28380692595,64263.16159653738,0.1440837827453452,1.0618217417136067,0.029941911951504085,0.5120737266511028
2026-03-18,73926.27899152413,47796151709.5938,63.51456991725758,703.7561162788188,-216.3364811604809,920.0925974392997,False,False,69551.16705851528,74913.56705093241,64188.76706609814,0.1542001441300217,0.9079434524835535,-0.012448473888945766,0.5161455263168669
2026-03-19,71255.86350265636,46235388353.26782,46.29049496039557,651.5023262799368,-42.76871967239737,694.2710459523341,False,False,69740.50721348458,75060.61134643627,64420.403080532895,0.15256855292624044,0.642417916200733,-0.03612268228966242,0.4504153272595305
2026-03-20,69871.4514796119,46069506172.99344,47.30919836699118,492.7007929464453,64.32518285137117,428.37561009507414,False,False,69939.8802393475,74940.74542065455,64939.01505804046,0.1430046824270542,0.4931583078872648,-0.019428745298874173,0.44342832477005684
2026-03-21,70552.62530009366,39288514955.56232,57.24112670579537,417.0074656957149,134.86163942023992,282.145826275475,False,False,70117.0887864791,74928.15587661714,65306.021696341064,0.137229516324864,0.5452640241192375,0.00974895763658945,0.3938976196743451
2026-03-22,68733.54779458739,22788052215.99816,54.16769071818676,207.8397591119283,149.4572633585776,58.382495753350696,False,False,70268.09122675288,74669.33002188634,65866.85243161941,0.12526991179910696,0.3256691463932537,-0.02578327167513428,0.41325061608758007
2026-03-23,67848.87605821833,30380203636.611057,55.271487814875734,-28.97872227076732,113.77006623270861,-142.74878850347594,False,True,70217.33318370451,74709.23220493394,65725.43416247508,0.1279427405617243,0.2363634941154649,-0.012871032628970713,0.4066483139841149
2026-03-24,70892.82823994374,52502731112.03615,56.83018254137266,28.632370598614216,96.74252710588974,-68.11015650727552,False,False,70345.89370328044,74755.77484919279,65936.01255736809,0.12537707359332922,0.5620123897409657,0.044863708267083524,0.4277279304607859
2026-03-25,70524.51175942823,40395077210.95709,51.91390232807537,44.06160023466509,86.20634173164481,-42.14474149697972,False,False,70238.63078299077,74512.78546317907,65964.47610280248,0.1217038154799378,0.533442984382688,-0.005195398316863664,0.41736807805507475
2026-03-26,71309.26403856269,36566429238.80042,53.14664844303323,118.2492229262134,92.61491797055854,25.63430495565487,True,False,70260.34464134884,74552.48600992165,65968.20327277604,0.12217820423405211,0.6221906860866777,0.011127369187770908,0.420251329274839
2026-03-27,68791.11093800364,52234708975.603966,45.48126898917741,-25.852450769452844,68.92144422255626,-94.7738949920091,False,True,70292.48601826574,74527.27805022741,66057.69398630408,0.12049060352940832,0.32273331618995343,-0.03531312704611955,0.4591435178081643
2026-03-28,66321.016242762,48874426380.128494,39.17408159473812,-335.50259871815797,-11.963364365586585,-323.5392343525714,False,False,70244.97729151793,74640.74457490796,65849.2100081279,0.12515534783782517,0.05366597049130296,-0.03590717843571034,0.4887776177754343
2026-03-29,66321.06539994745,23637115348.524387,38.45164898470084,-574.2786781763571,-124.42642712774068,-449.8522510486164,False,False,70259.22267033397,74599.05099944746,65919.39434122048,0.12353761297578153,0.046277298117113945,7.412007270168885e-07,0.4874673694864395
2026-03-30,65970.42899513361,25095464001.894596,33.291307155572454,-782.7804629999591,-256.0972343021844,-526.6832286977747,False,False,70134.77835154298,74820.84682559899,65448.70987748697,0.13363037808624986,0.05566703949537808,-0.005286953740856415,0.4671842034741458
2026-03-31,66699.27436893585,37098483334.61913,28.110403309722344,-879.074475843343,-380.6926826104161,-498.38179323292684,False,False,69975.59162619984,74907.52560699554,65043.657645404135,0.14096155148330652,0.1678466023651639,0.011048061758943462,0.434485470962535
2026-04-01,68231.83047993251,56210727882.161446,35.199311150163155,-822.245371913581,-469.00322047104913,-353.2421514425319,False,False,69875.84221066185,74866.72779152356,64884.956629800145,0.1428501016364189,0.33529859540022844,0.02297710320684443,0.46107035667504703
2026-04-02,68089.0553821667,46822039842.98501,40.523909840335286,-779.7402940477768,-531.1506351863948,-248.58965886138208,False,False,69753.07371203923,74795.24578682837,64710.9016372501,0.14457203981016442,0.33498993041187264,-0.002092499889883581,0.4291191657816878
2026-04-03,66891.6645686824,47198627198.56218,40.98260894604534,-833.0710210799007,-591.534712365096,-241.5363087148047,False,False,69549.39282617313,74713.03323814108,64385.75241420518,0.14848843971574543,0.242649754296328,-0.01758565758863362,0.42723803114492104
2026-04-04,66939.69121715311,26755680223.76058,38.63091944913422,-861.529481741818,-645.5336662404404,-215.9958155013776,False,False,69335.52233561178,74562.2672429487,64108.77742827486,0.15076672768216487,0.27081040294356323,0.0007179765787019843,0.42220383031010156
2026-04-05,67304.24955635444,21516550336.856274,45.04911611138648,-844.9264197971497,-685.4122169517823,-159.51420284536744,False,False,69066.63915073508,74118.92096214213,64014.357339328024,0.1463016551415122,0.325584789193517,0.00544607141999931,0.4057627318872021
2026-04-06,68985.52642694542,26416194024.766064,53.73127747960506,-688.1705790834094,-685.9638893781078,-2.206689705301642,False,False,68773.00803703218,73027.71394976666,64518.30212429769,0.12373185452186292,0.5249745099041002,0.024980248374706804,0.42116820041738906
2026-04-07,68864.23452757328,45398732027.77202,41.7595283130305,-567.1894812765968,-662.2090077578056,95.0195264812088,True,False,68519.90581383463,72019.0150975701,65020.796530099164,0.1021340949662827,0.5492023377690941,-0.0017582224222146836,0.34683908766328775
2026-04-08,71975.62171045873,54821363017.72348,54.8203886978021,-217.7381965393579,-573.3148455141161,355.5766489747582,False,False,68555.89372422475,72185.84204173448,64925.945406715015,0.1058974836536063,0.971043619235333,0.04518146762583486,0.42093795019948355
2026-04-09,71117.07713411814,42583999503.6708,49.364696015728306,-9.958116905851057,-460.6434997924631,450.68538288661205,False,False,68618.17500695007,72383.38645218496,64852.96356171519,0.10974385269947862,0.8318408758066673,-0.011928268987995927,0.4228683217032376
2026-04-10,71770.7468500515,39293023566.96442,61.234495115691075,205.0906193134433,-327.4966759712819,532.5872952847252,False,False,68679.08108444796,72611.73258354883,64746.42958534708,0.11452254273074143,0.8930764989359455,0.009191459242631872,0.3769872664454211
2026-04-11,72972.70823557042,38358391003.667854,77.73163039585693,467.121840901993,-168.5729725966269,635.6948134986199,False,False,68891.0391064971,73267.9172427149,64514.16097027931,0.1270666894558429,0.9662763049419074,0.016747232518426358,0.31421824008169597
2026-04-12,73053.88808483821,23868132454.73879,77.88126044673957,673.5695171206316,-0.1444746531751946,673.7139917738068,False,False,69151.28970782811,73872.6776801381,64429.90173551812,0.13655241983940955,0.913289312369378,0.0011124686369832215,0.3135761275290089
2026-04-13,70756.75105500016,30101377740.873566,67.06889061401185,644.3928677080403,128.7629938190679,515.6298738889724,False,False,69144.48584858092,73855.68794476124,64433.2837524006,0.1362712308396465,0.6711097479480244,-0.031444418497895144,0.3664624578047013
2026-04-14,74514.63006655,53329034805.473694,72.91942294512276,913.9639852695691,285.80319210916815,628.160793160401,False,False,69343.99176393703,74606.89460231419,64081.08892555985,0.15179117049659635,0.9912344443173647,0.05310982988222279,0.44075813843266115
2026-04-15,74181.10807228928,57684799834.52557,68.76672629675886,1088.1451406799606,446.27158182332664,641.873558856634,False,False,69487.58396562334,75119.99430352452,63855.17362772216,0.16211271183892736,0.9166532465756835,-0.004475926324305046,0.4371735219437371
2026-04-16,74833.50639132406,33592871494.555107,70.61234356974182,1264.254514207336,609.8681683001284,654.3863459072074,False,False,69789.70373828936,75893.32655000497,63686.080926573755,0.17491470760799127,0.9131810572692466,0.008794669370522534,0.43488358126043275
2026-04-17,75149.1930221427,44500754086.976234,76.6741547164429,1413.0074638544029,770.4960274109834,642.5114364434195,False,False,70231.1125772584,76551.555624042,63910.66953047481,0.17998983114017258,0.8890613686794518,0.0042185198321167405,0.41401508658511904
2026-04-18,77128.44334858148,64762179077.35212,79.26163831003367,1671.3380633923225,950.6644346072512,720.6736287850713,False,False,70771.48147469011,77517.9851835562,64024.97776582402,0.1906559978196537,0.9711300955439487,0.026337612512427055,0.42099117580119716
2026-04-19,75728.45681761758,66292316931.16393,72.83580649327895,1743.007407416182,1109.1330291690374,633.8743782471447,False,False,71259.3828658143,77955.1517998424,64563.61393178621,0.18792666073565714,0.8337237288081519,-0.018151365050071977,0.44531706143295346
