timestamp,close,rsi_14,macd,macd_signal,macd_cross_down,sig_rsi,sig_macd,sig_exchange,sig_nvt,score,position
2025-05-09,103076.27555512934,75.88352143495473,2995.061875006053,2572.435222691515,False,-1,1,-1,0,-1,0.0
2025-05-10,102962.540456923,74.09782551777896,3315.2356852500234,2720.9953152032167,False,-1,1,0,0,0,0.0
2025-05-11,104630.8792994166,76.94573611625277,3661.390507660021,2909.074353694578,False,-1,1,0,0,0,0.0
2025-05-12,103994.061616746,77.77637155673118,3840.068909418813,3095.273264839425,False,-1,1,0,0,0,0.0
2025-05-13,102876.8304286011,71.52080368018399,3847.173785709209,3245.653369013381,False,-1,1,0,0,0,0.0
2025-05-14,104184.49039270742,76.45694540627674,3913.2126028944185,3379.165215789589,False,-1,1,0,0,0,0.0
2025-05-15,103594.42575090707,74.20480078163837,3873.2867178344313,3477.989516198558,False,-1,1,0,0,0,0.0
2025-05-16,103708.8513642364,71.10024834522692,3806.993703334112,3543.790353625669,False,-1,1,0,0,0,0.0
2025-05-17,103556.03493982446,69.73082531981872,3699.479704233076,3574.9282237471507,False,-1,1,0,0,0,0.0
2025-05-18,103212.36483885496,72.23673504968713,3545.6704979742062,3569.076678592562,True,-1,-1,1,0,-1,0.0
2025-05-19,106030.6376831359,83.22609686231158,3609.5776943467936,3577.176881743409,False,-1,1,0,0,0,0.0
2025-05-20,105629.41580436694,80.91449719752544,3586.5063428355206,3579.0427739618312,False,-1,1,-1,0,-1,0.0
2025-05-21,106786.71995834044,79.83839375775906,3619.8791897709016,3587.2100571236456,False,-1,1,0,0,0,0.0
2025-05-22,109665.86371625264,82.65905380432582,3834.4491082030727,3636.657867339531,False,-1,1,-1,0,-1,0.0
2025-05-23,111560.356938144,77.91698675944198,4109.989681846913,3731.324230241008,False,-1,1,0,0,0,0.0
2025-05-24,107216.66856870624,60.950052895207406,3932.526504298236,3771.5646850524536,False,-1,1,0,0,0,0.0
2025-05-25,107831.36374380375,58.710457965913214,3797.70879791546,3776.793507625055,False,0,1,1,0,2,1.0
2025-05-26,108861.81037744328,62.97019453487357,3731.0045281006014,3767.6357117201646,True,-1,-1,1,0,-1,0.0
2025-05-27,109377.71513263127,67.89515962325794,3677.379573211088,3749.58448401835,False,-1,-1,0,0,-2,0.0
2025-05-28,109068.45694901443,64.22619024044494,3568.7880916477443,3713.425205544229,False,-1,-1,0,0,-2,0.0
2025-05-29,107838.18431100152,61.91691176600987,3344.8979387677537,3639.7197521889343,False,-1,-1,0,0,-2,0.0
2025-05-30,105745.41660358038,55.147012193462736,2964.4224982980813,3504.660301410764,False,0,-1,0,0,-1,0.0
2025-05-31,104010.91956242644,51.06452392238481,2494.182175578244,3302.56467624426,False,0,-1,0,0,-1,0.0
2025-06-01,104687.50742934884,53.39917253251089,2151.309363109744,3072.313613617357,False,0,-1,1,0,0,0.0
2025-06-02,105710.00593822816,49.19450512277942,1939.7273043272437,2845.7963517593344,False,0,-1,1,0,0,0.0
2025-06-03,105884.74263221148,50.64881836658004,1765.791840079473,2629.7954494233622,False,0,-1,0,0,-1,0.0
2025-06-04,105434.47745144973,46.43569962401626,1573.4760421028768,2418.531567959265,False,0,-1,0,0,-1,0.0
2025-06-05,104812.9182188067,35.480370464282615,1355.286848011776,2205.882623969768,False,1,-1,0,0,0,0.0
2025-06-06,101650.7387545425,22.441678712388097,916.6424013835932,1948.034579452533,False,1,-1,-1,0,-1,0.0
2025-06-07,104409.74967959142,41.43954353491738,782.6210722470714,1714.9518780114408,False,0,-1,0,0,-1,0.0
2025-06-08,105681.4546141758,43.69590592159482,770.1463952294871,1525.9907814550502,False,0,-1,1,0,0,0.0
2025-06-09,105692.24740699006,40.1149080964432,752.4571543122438,1371.284056026489,False,0,-1,1,0,0,0.0
2025-06-10,110261.57485948496,52.200247809773934,1094.527806165148,1315.932806054221,False,0,-1,0,0,-1,0.0
2025-06-11,110212.73252109604,52.88593468607181,1346.1623718631454,1321.978719216006,False,0,1,0,0,1,0.0
2025-06-12,108679.9760916168,52.09114562024352,1405.6999104787535,1338.7229574685557,False,0,1,0,0,1,0.0
2025-06-13,105979.22902375912,50.56379723980746,1220.882547451285,1315.1548754651017,True,0,-1,0,0,-1,0.0
2025-06-14,106045.56440819205,55.33541749884429,1067.4611393081725,1265.616128233716,False,0,-1,-1,0,-2,0.0
2025-06-15,105482.90611628916,52.09829917097669,890.209959906817,1190.5348945683363,False,0,-1,1,0,0,0.0
2025-06-16,105554.49383061715,49.568082005566936,746.903811263488,1101.8086779073667,False,0,-1,1,0,0,0.0
2025-06-17,106951.2720181497,52.77387413834637,737.5390908331174,1028.954760492517,False,0,-1,0,0,-1,0.0
2025-06-18,104683.42479835715,48.21535950822357,540.8861659445683,931.3410415829272,False,0,-1,0,0,-1,0.0
2025-06-19,104722.695052907,49.7795115389419,383.78208651229215,821.8292505688003,False,0,-1,0,0,-1,0.0
2025-06-20,104690.65002458123,58.770811279470045,253.76496120446245,708.2163926959328,False,0,-1,0,0,-1,0.0
2025-06-21,103290.105144757,46.49480980592954,37.28340582113015,574.0297953209722,False,0,-1,0,0,-1,0.0
2025-06-22,101532.5683847329,37.39482095104719,-272.9518951314967,404.6334572304784,False,1,-1,0,0,0,0.0
2025-06-23,100852.58264648831,35.87063379808539,-567.1470542548341,210.27735493341595,False,1,-1,-1,0,-1,0.0
2025-06-24,105511.62437933136,36.2048187199628,-419.5171739764919,84.31844915143438,False,1,-1,-1,0,-1,0.0
2025-06-25,105976.06929808448,37.98558235498202,-262.02217825700063,15.050323669747378,False,1,-1,0,0,0,0.0
2025-06-26,107238.53045016268,45.848677972162776,-34.93350363000354,5.053558209797194,False,0,-1,0,0,-1,0.0
2025-06-27,106984.01253775664,53.36835332556844,123.07965303544188,28.658777174926133,False,0,1,0,0,1,0.0
2025-06-28,107078.91560644074,53.457498921041015,253.047132790467,73.53644829803432,False,0,1,0,0,1,0.0
2025-06-29,107331.58548463575,56.31654212499763,372.1457794882736,133.25831453608217,False,0,1,1,0,2,1.0
2025-06-30,108396.61631317894,59.09358282662424,546.1754316909792,215.8417379670616,False,0,1,0,0,1,1.0
2025-07-01,107132.79910701896,50.58579360736852,575.4819013676315,287.7697706471756,False,0,1,0,0,1,1.0
2025-07-02,105613.39974163056,53.153383412712,470.67896497085167,324.35160951191085,False,0,1,-1,0,0,0.0
2025-07-03,108824.44423167944,61.44624595161154,639.3562366300321,387.3525349355351,False,-1,1,-1,0,-1,0.0
2025-07-04,109602.20483914016,63.15842333007702,826.2682644609595,475.13568084062,False,-1,1,0,0,0,0.0
2025-07-05,108040.8919400104,62.61901118405251,838.7439722103445,547.8573391145649,False,-1,1,0,0,0,0.0
2025-07-06,108217.46849992426,69.38442602176863,853.0459306713747,608.8950574259269,False,-1,1,1,0,1,0.0
2025-07-07,109215.19771840284,73.81058382326606,934.1207824420272,673.9402024291469,False,-1,1,0,0,0,0.0
2025-07-08,108300.71675785031,60.09359541952439,914.0456662360376,721.9612951905251,False,-1,1,0,0,0,0.0
2025-07-09,108953.19187727802,60.629407559507136,939.950121285554,765.559060409531,False,-1,1,0,0,0,0.0
2025-07-10,111327.53054245668,63.52535304650734,1138.939885611704,840.2352254499657,False,-1,1,-1,0,-1,0.0
2025-07-11,115879.65030112496,72.91077105768406,1644.9962357255426,1001.1874275050812,False,-1,1,-1,0,-1,0.0
2025-07-12,117571.02510036016,74.96916800597808,2157.657220674213,1232.4813861389075,False,-1,1,-1,0,-1,0.0
2025-07-13,117418.95745007684,74.12147204725,2522.595248509693,1490.5041586130646,False,-1,1,0,0,0,0.0
2025-07-14,119117.55666327637,74.88254263625835,2915.2686235248257,1775.457051595417,False,-1,1,0,0,0,0.0
2025-07-15,119833.67446712356,80.24680908170022,3246.8224757834687,2069.7301364330274,False,-1,1,-1,0,-1,0.0
2025-07-16,117678.19493404306,77.88712725691036,3297.6389787513763,2315.3119048966973,False,-1,1,-1,0,-1,0.0
2025-07-17,118748.1627367753,75.45796444425712,3385.2261037589924,2529.2947446691564,False,-1,1,0,0,0,0.0
2025-07-18,119445.36520434044,75.35610577443104,3470.887710750103,2717.6133378853456,False,-1,1,0,0,0,0.0
2025-07-19,117988.94664455787,75.7655567030298,3382.265691962777,2850.543808700832,False,-1,1,0,0,0,0.0
2025-07-20,117901.62655900871,75.19856750861085,3267.322443160083,2933.8995355926822,False,-1,1,1,0,1,0.0
2025-07-21,117256.9208222684,71.31650474213217,3088.603229991684,2964.840274472482,False,-1,1,0,0,0,0.0
2025-07-22,117482.46977767294,75.2610496369285,2931.3758060886903,2958.147380795724,True,-1,-1,0,0,-2,0.0
2025-07-23,119955.79570607652,77.513956279745,2972.0882881332072,2960.9355622632206,False,-1,1,0,0,0,0.0
2025-07-24,118629.05588130427,69.26830083200393,2864.278784760216,2941.6042067626195,True,-1,-1,0,0,-2,0.0
2025-07-25,118354.43517438594,58.4351433845828,2725.2642310270894,2898.336211615513,False,0,-1,0,0,-1,0.0
2025-07-26,117540.8083708574,49.890453535396944,2520.387850116793,2822.746539315769,False,0,-1,-1,0,-2,0.0
2025-07-27,117959.54234360624,51.92263916661583,2364.553078282508,2731.1078471091173,False,0,-1,0,0,-1,0.0
2025-07-28,119418.91405141471,51.090359162271305,2331.93095079271,2651.272467845836,False,0,-1,0,0,-1,0.0
2025-07-29,118003.30201607826,43.69648896355789,2166.87127599986,2554.3922294766408,False,0,-1,0,0,-1,0.0
2025-07-30,117853.30892863822,50.699717766356166,2000.892067679772,2443.692197117267,False,0,-1,0,0,-1,0.0
2025-07-31,117833.24087995924,46.00933927880443,1846.4483186149448,2324.2434214168024,False,0,-1,0,0,-1,0.0
2025-08-01,115700.00243915782,35.48232916707421,1534.2303681599003,2166.2408107654223,False,1,-1,0,0,0,0.0
2025-08-02,113234.6051343189,32.90826122478195,1075.4611875807896,1948.084886128496,False,1,-1,-1,1,0,0.0
2025-08-03,112554.90232221724,31.56389128508313,649.549369494096,1688.377782801616,False,1,-1,0,0,0,0.0
2025-08-04,114199.10966460756,40.13621202328783,439.6173413889919,1438.6256945190912,False,0,-1,1,0,0,0.0
2025-08-05,115138.68613070175,42.77244158330013,345.08276576557546,1219.9171087683883,False,0,-1,0,1,0,0.0
2025-08-06,114128.35408881678,30.247595174939903,186.48835969070203,1013.2313589528512,False,1,-1,0,0,0,0.0
2025-08-07,115022.09576830892,37.40430201592727,131.40389221612713,836.8658656055064,False,1,-1,0,0,0,0.0
2025-08-08,117463.47451085236,47.2976593320596,281.50292545498814,725.7932775754028,False,0,-1,0,0,-1,0.0
2025-08-09,116688.36663186055,47.4084342220748,334.0619050193636,647.447003064195,False,0,-1,0,0,-1,0.0
2025-08-10,116510.08393213755,45.52802205571008,357.2116376914055,589.3999299896371,False,0,-1,0,0,-1,0.0
2025-08-11,119266.92516880557,49.56583238247953,591.1970637904014,589.7593567497901,False,0,1,0,0,1,0.0
2025-08-12,118773.79960860992,52.3234361676848,728.4440388233925,617.4962931645106,False,0,1,-1,0,0,0.0
2025-08-13,120202.53485503166,56.57687770987637,941.6455456000112,682.3261436516108,False,0,1,0,0,1,0.0
2025-08-14,123560.99363577303,63.51004492776168,1365.864001559923,819.0337152332734,False,-1,1,-1,0,-1,0.0
2025-08-15,118405.59579823952,55.58538697779196,1271.4066794282844,909.5083080722756,False,0,1,-1,0,0,0.0
2025-08-16,117339.79190213275,58.99443962540329,1097.8912965368363,947.1849057651878,False,0,1,0,0,1,0.0
2025-08-17,117501.21653394958,61.0891901718063,962.3117928604042,950.210283184231,False,-1,1,1,0,1,0.0
2025-08-18,117542.83687778088,58.07670326515688,848.4421602245566,929.8566585922962,True,0,-1,1,0,0,0.0
2025-08-19,116256.41276740946,52.65535210042967,646.9384773010388,873.2730223340448,False,0,-1,0,0,-1,0.0
2025-08-20,112778.34483555844,47.12940018445605,204.23999067711705,739.4664160026592,False,0,-1,0,0,-1,0.0
2025-08-21,114252.39755195397,48.40276590717371,-27.342823354847496,586.1045681311579,False,0,-1,0,0,-1,0.0
2025-08-22,112414.39987336512,39.25332799355448,-355.0916483287874,397.8653248391688,False,1,-1,0,0,0,0.0
2025-08-23,116834.24948202296,50.26879865830119,-255.24769172508968,267.24272152631715,False,0,-1,-1,0,-2,0.0
2025-08-24,115359.98346714744,47.977458828685,-291.7188301399001,155.4504111930737,False,0,-1,1,0,0,0.0
2025-08-25,113399.54847314973,39.3844097927018,-473.35662950015103,29.689003054428756,False,1,-1,0,0,0,0.0
2025-08-26,110185.35443900424,35.85413220584665,-866.6740120133909,-149.58359995913517,False,1,-1,-1,0,-1,0.0
2025-08-27,111842.70999260596,36.33361172446735,-1032.741330082441,-326.21514598379633,False,1,-1,0,0,0,0.0
2025-08-28,111216.08479629167,27.83958498636052,-1201.069115397113,-501.1859398664597,False,1,-1,0,0,0,0.0
2025-08-29,112525.59740669793,37.75389624495755,-1214.799917130964,-643.9087353193605,False,1,-1,0,0,0,0.0
2025-08-30,108480.30666639366,33.585713305712034,-1534.4150497144435,-822.0099981983772,False,1,-1,0,0,0,0.0
2025-08-31,108781.95727925688,33.929020381540155,-1743.2762579806297,-1006.2632501548276,False,1,-1,1,0,1,0.0
2025-09-01,108253.36092385623,33.17996500791821,-1929.214791292572,-1190.8535583823766,False,1,-1,1,0,1,0.0
2025-09-02,109162.68557992298,36.97787893706083,-1980.3690566080916,-1348.7566580275195,False,1,-1,0,0,0,0.0
2025-09-03,111190.18209845416,46.9205714895108,-1836.141262353005,-1446.2335788926168,False,0,-1,-1,0,-2,0.0
2025-09-04,111711.51977725116,44.88426208772913,-1660.6294005983657,-1489.1127432337669,False,0,-1,0,0,-1,0.0
2025-09-05,110724.736377486,46.477331097896936,-1582.9133197109186,-1507.872858529197,False,0,-1,0,0,-1,0.0
2025-09-06,110662.18112628513,34.27532450657266,-1508.975916607582,-1508.093470144874,False,1,-1,0,0,0,0.0
2025-09-07,110209.1888247784,36.15686642697444,-1469.9875830530073,-1500.4722927265009,False,1,1,1,0,3,1.0
2025-09-08,111131.9923868407,43.54580109298021,-1349.075213259668,-1470.1928768331345,False,0,1,1,0,2,1.0
2025-09-09,112025.12878118773,56.0338429994267,-1167.7218754023345,-1409.6986765469742,False,0,1,0,0,1,1.0
2025-09-10,111547.43956434788,48.950395484679085,-1050.4348174511542,-1337.8459047278102,False,0,1,0,0,1,1.0
2025-09-11,113975.32489468766,58.69487174214392,-752.8950184315036,-1220.8557274685488,False,0,1,-1,0,0,0.0
2025-09-12,115503.16663193036,59.25551193100189,-389.3206781268818,-1054.5487176002157,False,0,1,0,0,1,0.0
2025-09-13,116160.14344594492,80.24255549900194,-47.623877304416965,-853.1637495410557,False,-1,1,-1,0,-1,0.0
2025-09-14,115970.58488443034,78.5603508094861,205.5085329889989,-641.4292930350449,False,-1,1,1,0,1,0.0
2025-09-15,115373.55555886828,78.13547578962198,353.8633978978032,-442.37075484847526,False,-1,1,1,0,1,0.0
2025-09-16,115397.25272727507,76.48998120349019,467.9535830081295,-260.30588727715434,False,-1,1,0,0,0,0.0
2025-09-17,116762.8496864193,75.08880760020934,660.9441853709286,-76.05587274753776,False,-1,1,0,0,0,0.0
2025-09-18,116455.9464822532,71.78051151185213,780.1332144069311,95.18194468335602,False,-1,1,-1,0,-1,0.0
2025-09-19,117145.49508952006,80.30313739762349,919.6312518164632,260.07180610997744,False,-1,1,0,0,0,0.0
2025-09-20,115655.81046441344,70.76984660818233,899.6092169941548,387.97928828681296,False,-1,1,0,0,0,0.0
2025-09-21,115715.51536781774,73.6768998582588,878.433265003303,486.070083630111,False,-1,1,1,0,1,0.0
2025-09-22,115304.47999407038,68.7674497288977,819.0426373040827,552.6645943649054,False,-1,1,1,0,1,0.0
2025-09-23,112696.74101711863,52.61716916699525,555.1529378136329,553.1622630546509,False,0,1,-1,0,0,0.0
2025-09-24,112022.16587861197,51.82197747271583,288.262957787083,500.18240200113735,True,0,-1,0,0,-1,0.0
2025-09-25,113320.56908541008,47.248530855939975,179.45239782099088,436.0364011651081,False,0,-1,0,0,-1,0.0
2025-09-26,108963.53013595636,27.797860699749307,-255.41314111536485,297.7464927090135,False,1,-1,-1,0,-1,0.0
2025-09-27,109710.20874667744,28.234965173877924,-533.6449631747528,131.46820153226025,False,1,-1,0,0,0,0.0
2025-09-28,109654.81021075726,28.49295025771057,-749.9706902955513,-44.81957683330207,False,1,-1,1,0,1,0.0
2025-09-29,112142.57362752674,40.25272347714451,-712.4559225676057,-178.3468459801628,False,0,-1,1,0,0,0.0
2025-09-30,114309.15041119448,47.09322321693921,-502.1125186982245,-243.09998052377517,False,0,-1,0,0,-1,0.0
2025-10-01,114024.22783550054,42.235693870766106,-354.32034200466296,-265.3440528199527,False,0,-1,0,0,-1,0.0
2025-10-02,118503.24451752484,54.69389656440217,122.80956413615786,-187.71332942873065,False,0,1,0,0,1,0.0
2025-10-03,120611.71911591051,57.461622635979374,663.4271558369364,-17.485232375597207,False,0,1,-1,0,0,0.0
2025-10-04,122250.15186842805,64.10508420191866,1210.128711862184,228.03755647195905,False,-1,1,-1,0,-1,0.0
2025-10-05,122380.93708463266,64.21390149900117,1635.0985099055688,509.449747158681,False,-1,1,1,0,1,0.0
2025-10-06,123506.18520027678,66.97298751085167,2039.1818365732036,815.3961650415856,False,-1,1,0,0,0,0.0
2025-10-07,124773.50823074432,76.46018796351521,2433.629791958956,1139.0428904250598,False,-1,1,0,0,0,0.0
2025-10-08,121518.75593575073,68.6934752751138,2455.2981802878057,1402.293948397609,False,-1,1,0,0,0,0.0
2025-10-09,123352.50487523204,69.33967016642595,2590.576198449504,1639.950398407988,False,-1,1,0,0,0,0.0
2025-10-10,121698.03066778315,77.40535873871055,2535.060165378556,1818.972351802102,False,-1,1,0,0,0,0.0
2025-10-11,113201.74064138904,55.63455531721034,1784.9083975863614,1812.159560958954,True,0,-1,-1,0,-2,0.0
2025-10-12,110853.11663883904,51.80053318960724,989.4871958638688,1647.6250879399372,False,0,-1,0,0,-1,0.0
2025-10-13,115189.5714637257,54.337348149760814,700.9457595096901,1458.2892222538878,False,0,-1,0,0,-1,0.0
2025-10-14,115222.28302116522,51.38390083088135,469.50201470304455,1260.5317807437193,False,0,-1,0,0,-1,0.0
2025-10-15,113156.56943826911,48.75236231191418,118.03472637904632,1032.0323698707848,False,0,-1,0,1,0,0.0
2025-10-16,110708.66960879424,38.09659010972396,-353.9505682645831,754.8357822437113,False,1,-1,0,1,1,0.0
2025-10-17,108076.72862033188,31.15854978083175,-929.6613985520236,417.9363460845643,False,1,-1,0,1,1,0.0
2025-10-18,106443.61194984637,26.23725858246803,-1500.3995737897058,34.26916210971035,False,1,-1,-1,1,0,0.0
2025-10-19,107156.00337647724,27.5049889137304,-1873.631596437961,-347.3109895998239,False,1,-1,1,1,2,1.0
2025-10-20,108621.134857428,28.22586180357395,-2027.821335400644,-683.413058759988,False,1,-1,0,1,1,1.0
2025-10-21,110608.5714932665,29.706793517524943,-1966.974233034984,-940.1252936149872,False,1,-1,0,0,0,0.0
2025-10-22,108486.1026271664,30.702887706123875,-2066.200096761793,-1165.3402542443484,False,1,-1,0,1,1,0.0
2025-10-23,107618.4266715404,26.016828412460725,-2189.611033785593,-1370.1944101525974,False,1,-1,0,1,1,0.0
2025-10-24,110048.51827291628,32.65303081356872,-2067.4942209875157,-1509.654372319581,False,1,-1,0,1,1,0.0
2025-10-25,110997.80437129698,45.76669922028415,-1872.5309413348589,-1582.2296861226366,False,0,-1,0,0,-1,0.0
2025-10-26,111620.3093731354,51.57827252291592,-1648.7840304479903,-1595.5405549877075,False,0,-1,1,0,0,0.0
2025-10-27,114476.01227508576,48.43682763977965,-1226.888822840323,-1521.810208558231,False,0,1,0,0,1,0.0
2025-10-28,114182.79442806762,47.74852164688675,-905.7531029914098,-1398.5987874448665,False,0,1,0,0,1,0.0
2025-10-29,112950.34863259472,49.53660976481051,-742.1438349083037,-1267.307796937554,False,0,1,0,0,1,0.0
2025-10-30,110046.66925837284,48.542304778736494,-837.1349984858534,-1181.273237247214,False,0,1,-1,1,1,0.0
2025-10-31,108240.76528725718,50.374837221556014,-1046.0789904548728,-1154.234387888746,False,0,1,-1,0,0,0.0
2025-11-01,109573.90555629117,57.25240351472866,-1091.5130482802488,-1141.6901199670465,False,0,1,0,0,1,0.0
2025-11-02,110014.13556776088,56.7064233035489,-1079.552573601366,-1129.2626106939106,False,0,1,1,0,2,1.0
2025-11-03,110650.2092823146,54.95382931983127,-1007.1383148019232,-1104.837751515513,False,0,1,0,0,1,1.0
2025-11-04,106521.0867382576,40.965504468564895,-1268.3148299145687,-1137.533167195324,True,0,-1,-1,0,-2,0.0
2025-11-05,101635.2740227234,36.50608846890773,-1848.2380161575277,-1279.6741369877648,False,1,-1,-1,0,-1,0.0
2025-11-06,103877.9596595516,43.011058778558656,-2102.627549835568,-1444.2648195573256,False,0,-1,0,0,-1,0.0
2025-11-07,101322.6402945857,33.771922395106216,-2481.81716174772,-1651.7752879954046,False,1,-1,0,0,0,0.0
2025-11-08,103396.084215925,36.42999869625904,-2585.217289472377,-1838.4636882907996,False,1,-1,0,0,0,0.0
2025-11-09,102290.13714655169,33.627097475331865,-2724.991317702676,-2015.7692141731748,False,1,-1,1,0,1,0.0
2025-11-10,104709.67861656273,32.59527830775599,-2610.434996711847,-2134.7023706809096,False,1,-1,0,0,0,0.0
2025-11-11,105909.07272321742,35.71661086804316,-2395.2561840461717,-2186.8131333539623,False,1,-1,0,0,0,0.0
2025-11-12,102960.77564500563,33.71898352984944,-2434.5642181506846,-2236.363350313307,False,1,-1,0,0,0,0.0
2025-11-13,101521.70859453591,35.40944955473894,-2552.41416094068,-2299.5735124387816,False,1,-1,0,0,0,0.0
2025-11-14,99730.4533956204,35.4272138307538,-2758.551548955264,-2391.369119742078,False,1,-1,0,0,0,0.0
2025-11-15,94456.39368235336,27.191614338472604,-3309.34142781471,-2574.9635813566047,False,1,-1,-1,0,-1,0.0
2025-11-16,95508.31019889197,28.511121072311692,-3619.245098789092,-2783.8198848431025,False,1,-1,0,0,0,0.0
2025-11-17,94411.32947182968,26.26785976724912,-3908.310595884672,-3008.718027051417,False,1,-1,0,0,0,0.0
2025-11-18,92036.7255045672,27.68775585222848,-4279.674357711119,-3262.909293183357,False,1,-1,0,1,1,0.0
2025-11-19,92819.759215009,34.45539550990027,-4459.393426597351,-3502.2061198661563,False,1,-1,0,1,1,0.0
2025-11-20,91363.27838693369,27.303263435741,-4665.566171393439,-3734.878130171613,False,1,-1,0,1,1,0.0
2025-11-21,86649.97257918229,25.321246283295523,-5149.918885782026,-4017.886281293696,False,1,-1,0,1,1,0.0
2025-11-22,85051.8019295002,18.64445424400627,-5598.198370411177,-4333.9486991171925,False,1,-1,-1,1,0,0.0
2025-11-23,84682.62429147748,19.126184102578364,-5915.067426411188,-4650.172444575992,False,1,-1,1,1,2,1.0
2025-11-24,86783.84766839583,18.213192310466624,-5928.299523677983,-4905.79786039639,False,1,-1,0,1,1,1.0
2025-11-25,88229.35740719768,18.9208867816495,-5755.796264325298,-5075.797541182172,False,1,-1,0,1,1,1.0
2025-11-26,87310.33159950442,20.37450558546017,-5628.363618274365,-5186.31075660061,False,1,-1,0,1,1,1.0
2025-11-27,90474.22677969698,30.36955186503737,-5211.991831429652,-5191.446971566418,False,1,-1,0,1,1,1.0
2025-11-28,91279.06057176425,34.43701175006508,-4762.175435743338,-5105.592664401803,False,1,1,0,1,3,1.0
2025-11-29,90950.37695910994,42.10599862563554,-4381.705152545648,-4960.8151620305725,False,0,1,0,1,2,1.0
2025-11-30,90841.45258193676,39.02631040591013,-4042.371061580692,-4777.126341940597,False,1,1,1,1,4,1.0
2025-12-01,90406.28448571144,40.27997797695776,-3765.158376203544,-4574.732748793187,False,0,1,1,1,3,1.0
2025-12-02,86281.49519776918,37.12604426618459,-3834.1041826960136,-4426.607035573753,False,1,1,-1,1,2,1.0
2025-12-03,91344.73275150164,47.23076959357101,-3440.5230674542254,-4229.390241949848,False,0,1,-1,1,1,1.0
2025-12-04,93619.43750817105,54.10948219423896,-2911.4956254369754,-3965.8113186472738,False,0,1,0,1,2,1.0
2025-12-05,92140.70419795792,61.33695515260123,-2581.797630079367,-3689.008580933693,False,-1,1,0,1,1,1.0
2025-12-06,89307.09154512963,58.35959846904469,-2520.108214226173,-3455.228507592189,False,0,1,0,1,2,1.0
2025-12-07,89244.7620814118,59.071778645851495,-2448.0290198317816,-3253.788610040108,False,0,1,1,1,3,1.0
2025-12-08,90162.90714007126,57.05099096623742,-2290.4166090618382,-3061.114209844454,False,0,1,0,1,2,1.0
2025-12-09,90618.0535204608,55.199321461927774,-2104.521514905471,-2869.795670856657,False,0,1,0,1,2,1.0
2025-12-10,92723.21372069632,61.20337919179784,-1766.9610517737892,-2649.228747040084,False,-1,1,0,1,1,1.0
2025-12-11,92005.13714957412,53.525567530696094,-1539.6367566829576,-2427.3103489686587,False,0,1,0,0,1,1.0
2025-12-12,92494.17691640416,52.83962067893732,-1304.9762391674158,-2202.84352700841,False,0,1,-1,0,0,0.0
2025-12-13,90307.26028567804,48.61719034792596,-1280.7087701841956,-2018.4165756435675,False,0,1,0,0,1,0.0
2025-12-14,90257.4292885891,48.74105185439948,-1251.0759464445,-1864.948449803754,False,0,1,1,0,2,1.0
2025-12-15,88230.77409367911,45.61147980679861,-1375.272570784335,-1767.0132739998703,False,0,1,0,0,1,1.0
2025-12-16,86413.9190195637,50.294557363678685,-1601.8393043613903,-1733.9784800721743,False,0,1,0,0,1,1.0
2025-12-17,87821.88919109134,40.64227121516138,-1648.777565653334,-1716.9382971884063,False,0,1,0,0,1,1.0
2025-12-18,86064.94716216,29.365420110623404,-1806.917988453206,-1734.9342354413666,True,1,-1,0,0,0,0.0
2025-12-19,85450.3312009302,30.82031020343396,-1959.2547156058567,-1779.7983314742648,False,1,-1,-1,0,-1,0.0
2025-12-20,88103.86075721023,46.51464012398126,-1844.601591756058,-1792.7589835306237,False,0,-1,0,0,-1,0.0
2025-12-21,88347.94310567998,47.42928186986615,-1714.2815883860603,-1777.063504501711,False,0,1,1,-1,1,0.0
2025-12-22,88577.42038358838,45.26841786697334,-1574.337169406761,-1736.518237482721,False,0,1,1,-1,1,0.0
2025-12-23,88491.12020788102,43.50968981993795,-1453.6372862810383,-1679.942047242385,False,0,1,0,-1,0,0.0
2025-12-24,87406.43636737975,32.69838659904468,-1429.033669555516,-1629.760371705011,False,1,1,0,-1,1,0.0
2025-12-25,87642.60888119951,35.34399214159984,-1374.6320750691957,-1578.7347123778482,False,1,1,0,-1,1,0.0
2025-12-26,87229.78066010943,32.22311732862245,-1349.2765861988591,-1532.8430871420503,False,1,1,0,-1,1,0.0
2025-12-27,87305.95655961394,38.180231831692126,-1307.9580934060796,-1487.8660883948564,False,1,1,0,-1,1,0.0
2025-12-28,87807.003210775,40.6809018952228,-1220.7110161292949,-1434.435073941744,False,0,1,1,-1,1,0.0
2025-12-29,87822.90829076794,48.168802149729046,-1137.1750259428518,-1374.9830643419657,False,0,1,0,-1,0,0.0
2025-12-30,87156.56266080117,53.718395940125305,-1111.9231177776965,-1322.3710750291118,False,0,1,-1,-1,-1,0.0
2025-12-31,88414.62856073362,53.01305947482246,-979.1088373941166,-1253.718627502113,False,0,1,0,-1,0,0.0
2026-01-01,87520.18048742875,58.10834457475158,-935.2461126006092,-1190.0241245218122,False,0,1,0,-1,0,0.0
2026-01-02,88727.67004249741,67.1291562474438,-793.8987014594604,-1110.799039909342,False,-1,1,0,-1,-1,0.0
2026-01-03,89926.27924953419,61.23336745153956,-578.49359984498,-1004.3379518964696,False,-1,1,-1,-1,-2,0.0
2026-01-04,90593.85443180415,63.15687701035481,-349.8825387426332,-873.4468692657023,False,-1,1,0,-1,-1,0.0
2026-01-05,91373.21588108438,65.38686420921508,-104.61275943220244,-719.6800472990024,False,-1,1,0,-1,-1,0.0
2026-01-06,93926.7956485658,73.52640414234581,292.44671019053203,-517.2546958010955,False,-1,1,-1,-1,-2,0.0
2026-01-07,93666.86387314304,79.17924556298335,579.4651648732979,-297.9107236662168,False,-1,1,0,-1,-1,0.0
2026-01-08,91257.15544035909,64.00870752663536,605.5061285778938,-117.2273532173947,False,-1,1,0,-1,-1,0.0
2026-01-09,90983.51578142623,64.70682397867378,597.1794335759914,25.654004141282527,False,-1,1,0,-1,-1,0.0
2026-01-10,90504.8956034002,62.15002922445617,545.6696790331043,129.6571391196469,False,-1,1,0,-1,-1,0.0
2026-01-11,90442.01907847,60.35275609494799,494.0787846927415,202.54146823426584,False,-1,1,1,-1,0,0.0
2026-01-12,90819.36598904192,61.44769896729036,478.129788720209,257.6591323314545,False,-1,1,1,-1,0,0.0
2026-01-13,91134.96917951509,65.6176947413945,485.3616869706893,303.19964325930147,False,-1,1,0,-1,-1,0.0
2026-01-14,95260.4422971001,71.9357163045843,814.594087436155,405.4785320946722,False,-1,1,-1,-1,-2,0.0
2026-01-15,97007.78078881276,78.82515598783792,1202.6454023826373,564.9119061522653,False,-1,1,-1,-1,-2,0.0
2026-01-16,95584.82797878512,70.56413237675217,1379.4569446047972,727.8209138427717,False,-1,1,0,-1,-1,0.0
2026-01-17,95516.07771987125,67.98200345401466,1496.7798479754128,881.6127006692999,False,-1,1,0,-1,-1,0.0
2026-01-18,95099.53192554633,64.7324010325431,1538.413457074901,1012.9728519504202,False,-1,1,1,-1,0,0.0
2026-01-19,93752.70577188236,57.501926110199705,1446.0614809252293,1099.5905777453822,False,0,1,0,-1,0,0.0
2026-01-20,92558.46334372148,45.28156579366812,1261.9594086934085,1132.0643439349874,False,0,1,0,-1,0,0.0
2026-01-21,88312.84053255555,35.518352771138694,764.6564280348393,1058.5827607549577,True,1,-1,0,0,0,0.0
2026-01-22,89354.34377512129,44.44185986083431,449.4004320194217,936.7462950078506,False,0,-1,-1,0,-2,0.0
2026-01-23,89443.39744146909,45.45225131013098,204.38761727703968,790.2745594616885,False,0,-1,0,0,-1,0.0
2026-01-24,89412.39849953113,46.6864173467475,7.623956600320525,633.7444388894149,False,0,-1,0,0,-1,0.0
2026-01-25,89170.87364531498,46.1859037104574,-165.88942924170988,473.81766526319,False,0,-1,1,0,0,0.0
2026-01-26,86548.32213469829,38.70631252490961,-509.1488756430044,277.22435708195115,False,1,-1,0,0,0,0.0
2026-01-27,88307.8612070438,43.05478640306923,-631.919981717394,95.39548932208214,False,0,-1,0,-1,-2,0.0
2026-01-28,89204.22239644526,32.3163785767763,-649.4022066186881,-53.5640498660719,False,1,-1,0,-1,-1,0.0
2026-01-29,89162.09701574955,24.55772660114974,-659.0589407521911,-174.66302804329575,False,1,-1,0,0,0,0.0
2026-01-30,84570.40906135936,20.3711695376134,-1025.4026126798854,-344.8109449706137,False,1,-1,-1,0,-1,0.0
2026-01-31,84141.77856967277,19.984242919705707,-1334.931253980816,-542.8350067726542,False,1,-1,-1,0,-1,0.0
2026-02-01,78725.85853884545,15.812094874083712,-1994.265761687362,-833.1211577555958,False,1,-1,-1,0,-1,0.0
2026-02-02,76937.06406636834,15.5255487999745,-2630.8075616927963,-1192.658438543036,False,1,-1,0,0,0,0.0
2026-02-03,78767.65815345927,22.44584205382469,-2953.511636667681,-1544.8290781679652,False,1,-1,0,0,0,0.0
2026-02-04,75638.95670207398,23.49445568716776,-3422.26723413264,-1920.3167093609004,False,1,-1,-1,0,-1,0.0
2026-02-05,73172.29203248928,18.061506040167984,-3947.296667507864,-2325.7127009902933,False,1,-1,0,0,0,0.0
2026-02-06,62853.69038445987,12.615731888792055,-5136.797390165943,-2887.929638825424,False,1,-1,-1,0,-1,0.0
2026-02-07,70523.95417035831,28.13936674697463,-5398.3305045965535,-3390.0098119796494,False,1,-1,-1,0,-1,0.0
2026-02-08,69296.80677355142,27.51170639018622,-5639.608030410309,-3839.9294556657815,False,1,-1,0,0,0,0.0
2026-02-09,70542.37329463876,31.30609062814348,-5665.012659717133,-4204.946096476052,False,1,-1,1,0,1,0.0
2026-02-10,70096.40692272567,28.056916024376378,-5655.933687734461,-4495.143614727735,False,1,-1,0,0,0,0.0
2026-02-11,68779.90981269129,25.637290413655947,-5689.385160768026,-4733.991923935793,False,1,-1,0,0,0,0.0
2026-02-12,66937.58141157958,24.581592562711165,-5797.723649862863,-4946.738269121208,False,1,-1,0,0,0,0.0
2026-02-13,66184.57765470445,26.947793511671293,-5876.601983464381,-5132.7110119898425,False,1,-1,0,0,0,0.0
2026-02-14,68838.87490510389,31.82740646534465,-5659.692612511033,-5238.107332094081,False,1,-1,0,0,0,0.0
2026-02-15,69765.59638824302,38.08955629533957,-5351.324951570554,-5260.750855989376,False,1,-1,1,0,1,0.0
2026-02-16,68716.58337486399,38.85369642100303,-5132.4245464699925,-5235.085594085499,False,1,1,1,0,3,1.0
2026-02-17,68907.78353606178,36.008794745691475,-4887.179776948411,-5165.504430658081,False,1,1,0,0,2,1.0
2026-02-18,67489.45540267964,37.84585306209405,-4752.485067570844,-5082.900558040634,False,1,1,0,0,2,1.0
2026-02-19,66456.3537620677,39.536441175934,-4675.20831710934,-5001.362109854375,False,1,1,0,0,2,1.0
2026-02-20,66918.68417467622,59.1406652976922,-4524.504068680893,-4905.990501619679,False,0,1,0,0,1,1.0
2026-02-21,67970.29403133177,41.82415987258,-4270.980534268063,-4778.988508149356,False,0,1,-1,0,0,0.0
2026-02-22,67977.90904199042,45.41972396786785,-4023.0713764360407,-4627.805081806693,False,0,1,1,0,2,1.0
2026-02-23,67585.11718938159,39.08343005181508,-3814.327410520069,-4465.1095475493685,False,1,1,1,0,3,1.0
2026-02-24,64577.553200674425,32.867515359431195,-3847.233084066582,-4341.534254852812,False,1,1,-1,0,1,1.0
2026-02-25,64074.11098528222,34.614882625007866,-3869.3314029270114,-4247.093684467652,False,1,1,0,0,2,1.0
2026-02-26,67947.39185585188,52.91443367090068,-3533.5702852602262,-4104.389004626167,False,0,1,-1,0,0,0.0
2026-02-27,67469.06040327046,53.766893911546056,-3268.398468088926,-3937.190897318719,False,0,1,0,0,1,0.0
2026-02-28,65883.99096235317,40.75466186950453,-3149.8403505710303,-3779.720787969181,False,0,1,0,0,1,0.0
2026-03-01,67008.45435746174,41.47880478032516,-2931.356536375169,-3610.047937650379,False,0,1,0,0,1,0.0
2026-03-02,65713.4989891121,40.85768064008888,-2830.0752693222603,-3454.0534039847557,False,0,1,0,0,1,0.0
2026-03-03,68864.03691918531,49.88715455441526,-2467.1473161630274,-3256.67218642041,False,0,1,-1,0,0,0.0
2026-03-04,68321.6178484252,52.2481747492907,-2197.956312168273,-3044.929011569983,False,0,1,0,0,1,0.0
2026-03-05,72669.7701652216,64.23622044622954,-1615.1425907508092,-2758.971727406148,False,-1,1,-1,0,-1,0.0
2026-03-06,70874.98687140146,58.54307914527278,-1283.2895664606767,-2463.835295217054,False,0,1,0,0,1,0.0
2026-03-07,68148.28339966535,50.35841438205711,-1226.1811825945333,-2216.30447269255,False,0,1,0,0,1,0.0
2026-03-08,67271.1907777184,48.62503966247659,-1237.4320746769808,-2020.529993089436,False,0,1,1,0,2,1.0
2026-03-09,66036.15782362667,47.082040952595264,-1330.6662334762225,-1882.5572411667936,False,0,1,0,-1,0,0.0
2026-03-10,68459.31537095344,57.47717199696374,-1195.2483343615168,-1745.0954598057383,False,0,1,0,-1,0,0.0
2026-03-11,69883.00887579883,60.8061770058733,-961.9596342770092,-1588.4682946999926,False,-1,1,0,-1,-1,0.0
2026-03-12,70226.818790692,54.88137567763769,-740.7946522902348,-1418.9335662180413,False,0,1,0,-1,0,0.0
2026-03-13,70544.42535461926,56.63152118493486,-533.7390042974002,-1241.8946538339133,False,0,1,0,-1,0,0.0
2026-03-14,70965.28228600459,61.53618991137468,-331.860789784565,-1059.8878810240435,False,-1,1,-1,-1,-2,0.0
2026-03-15,71217.1010283798,59.94922755145826,-149.8241033552913,-877.8751254902934,False,0,1,1,-1,1,0.0
2026-03-16,72681.9132538886,66.34206925935237,111.35574705986072,-680.0289509802626,False,-1,1,1,-1,0,0.0
2026-03-17,74858.14870100339,64.73031638068917,488.3176513195213,-446.3596305203058,False,-1,1,0,-1,-1,0.0
2026-03-18,73926.27899152413,63.51456991725758,703.7561162788188,-216.3364811604809,False,-1,1,0,-1,-1,0.0
2026-03-19,71255.86350265636,46.29049496039557,651.5023262799368,-42.76871967239737,False,0,1,0,0,1,0.0
2026-03-20,69871.4514796119,47.30919836699118,492.7007929464453,64.32518285137117,False,0,1,0,-1,0,0.0
2026-03-21,70552.62530009366,57.24112670579537,417.0074656957149,134.86163942023992,False,0,1,0,-1,0,0.0
2026-03-22,68733.54779458739,54.16769071818676,207.8397591119283,149.4572633585776,False,0,1,1,0,2,1.0
2026-03-23,67848.87605821833,55.27148781487573,-28.97872227076732,113.7700662327086,True,0,-1,0,-1,-2,0.0
2026-03-24,70892.82823994374,56.83018254137266,28.632370598614216,96.74252710588974,False,0,-1,0,-1,-2,0.0
2026-03-25,70524.51175942823,51.91390232807537,44.06160023466509,86.20634173164481,False,0,-1,0,-1,-2,0.0
2026-03-26,71309.26403856269,53.14664844303323,118.2492229262134,92.61491797055854,False,0,1,0,0,1,0.0
2026-03-27,68791.11093800364,45.48126898917741,-25.852450769452844,68.92144422255626,True,0,-1,0,0,-1,0.0
2026-03-28,66321.016242762,39.17408159473812,-335.502598718158,-11.963364365586584,False,1,-1,0,0,0,0.0
2026-03-29,66321.06539994745,38.45164898470084,-574.2786781763571,-124.42642712774068,False,1,-1,1,0,1,0.0
2026-03-30,65970.42899513361,33.291307155572454,-782.7804629999591,-256.0972343021844,False,1,-1,1,0,1,0.0
2026-03-31,66699.27436893585,28.110403309722344,-879.074475843343,-380.6926826104161,False,1,-1,0,0,0,0.0
2026-04-01,68231.83047993251,35.199311150163155,-822.245371913581,-469.00322047104913,False,1,-1,0,0,0,0.0
2026-04-02,68089.0553821667,40.523909840335286,-779.7402940477768,-531.1506351863948,False,0,-1,0,0,-1,0.0
2026-04-03,66891.6645686824,40.98260894604534,-833.0710210799007,-591.534712365096,False,0,-1,0,-1,-2,0.0
2026-04-04,66939.69121715311,38.63091944913422,-861.529481741818,-645.5336662404404,False,1,-1,1,-1,0,0.0
2026-04-05,67304.24955635444,45.04911611138648,-844.9264197971497,-685.4122169517823,False,0,-1,1,-1,-1,0.0
2026-04-06,68985.52642694542,53.73127747960506,-688.1705790834094,-685.9638893781078,False,0,-1,0,-1,-2,0.0
2026-04-07,68864.23452757328,41.7595283130305,-567.1894812765968,-662.2090077578056,False,0,1,0,-1,0,0.0
2026-04-08,71975.62171045873,54.8203886978021,-217.7381965393579,-573.3148455141161,False,0,1,-1,-1,-1,0.0
2026-04-09,71117.07713411814,49.36469601572831,-9.958116905851057,-460.6434997924631,False,0,1,0,-1,0,0.0
2026-04-10,71770.7468500515,61.23449511569108,205.0906193134433,-327.4966759712819,False,-1,1,0,-1,-1,0.0
2026-04-11,72972.70823557042,77.73163039585693,467.121840901993,-168.5729725966269,False,-1,1,-1,-1,-2,0.0
2026-04-12,73053.88808483821,77.88126044673957,673.5695171206316,-0.1444746531751946,False,-1,1,1,-1,0,0.0
2026-04-13,70756.75105500016,67.06889061401185,644.3928677080403,128.7629938190679,False,-1,1,1,-1,0,0.0
2026-04-14,74514.63006655,72.91942294512276,913.9639852695692,285.8031921091681,False,-1,1,-1,-1,-2,0.0
2026-04-15,74181.10807228928,68.76672629675886,1088.1451406799606,446.2715818233266,False,-1,1,-1,-1,-2,0.0
2026-04-16,74833.50639132406,70.61234356974182,1264.254514207336,609.8681683001284,False,-1,1,0,-1,-1,0.0
2026-04-17,75149.1930221427,76.6741547164429,1413.0074638544029,770.4960274109834,False,-1,1,0,-1,-1,0.0
2026-04-18,77128.44334858148,79.26163831003367,1671.3380633923225,950.6644346072512,False,-1,1,0,-1,-1,0.0
2026-04-19,75728.45681761758,72.83580649327895,1743.007407416182,1109.1330291690374,False,-1,1,1,-1,0,0.0
