timestamp,exchange_volume_usd,vol_ma7,vol_std7,vol_zscore
2024-04-19,396096192.37619996,,,
2024-04-20,627848217.2375001,,,
2024-04-21,217589645.4116,,,
2024-04-22,152452095.5817,,,
2024-04-23,370050475.29780006,,,
2024-04-24,244598871.59969997,,,
2024-04-25,346769763.8901,336486465.91351426,156058595.8032174,0.06589382612126347
2024-04-26,331902551.4123,327315945.77581435,153842297.85208532,0.029813683886180106
2024-04-27,219975352.317,269048393.6443142,81077451.69985001,-0.6052612692981939
2024-04-28,143816198.3175,258509329.77372858,92825028.90803623,-1.2355841178337532
2024-04-29,103478935.3971,251513164.03307143,103394533.91522652,-1.4317413409624258
2024-04-30,235420816.3048,232280355.6055,89219897.7384309,0.035199106689261066
2024-05-01,488305964.648,267095654.61240003,132081901.51659757,1.6747965277271726
2024-05-02,626699519.1439999,307085619.64867145,189932605.073963,1.6827753158593566
2024-05-03,308661105.156,303765413.04062855,189629376.44700277,0.025817160859249587
2024-05-04,459739745.3579,338017469.1893286,193584863.85516125,0.6287799249617114
2024-05-05,257089243.66959998,354199332.81105715,178816885.9422776,-0.5430700161773563
2024-05-06,144955309.3495,360124529.0899714,169572727.86178577,-1.2688904781661008
2024-05-07,344693198.4054,375734869.39005715,160992127.71707308,-0.19281483774914557
2024-05-08,279276674.8842,345873542.28094286,155938465.92163447,-0.4270714541350597
2024-05-09,232709097.1296,289589196.2788857,98037662.87769431,-0.580186200687442
2024-05-10,218949258.33990002,276773218.1623,100949507.27412842,-0.5728008128398189
2024-05-11,305144383.8779,254688166.5223,64625516.815199,0.7807476031469572
2024-05-12,83158592.7858,229840930.68175715,91427273.58775268,-1.6043608448541364
2024-05-13,85559115.7164,221355760.16274285,102681842.53939906,-1.322499100989911
2024-05-14,266267807.42170003,210152132.87935713,90542516.89152269,0.6197715335169448
2024-05-15,248173582.692,205708833.99475715,87289663.56709602,0.4864808381876959
2024-05-16,575329237.0932,254654568.27527142,165749482.67462474,1.9346948397264707
2024-05-17,315594998.6313,268461102.6026143,166303873.579314,0.28342031375599014
2024-05-18,286102454.924,265740827.03777143,165758672.52196863,0.12283898981834562
2024-05-19,79102485.4222,265161383.1286857,166508695.02187866,-1.1174125031851234
2024-05-20,112913407.31580001,269069139.0714571,161846867.38357702,-0.9648362942086982
2024-05-21,455363725.4014,296082841.6399857,176425666.80374154,0.9028214921732488
2024-05-22,350193696.2760001,310657143.58055717,176021736.82056955,0.22461176335139282
2024-05-23,319144111.8109,274059268.54022855,133258390.19431658,0.3383264888982148
2024-05-24,443308782.8817,292304094.8617143,147838231.8398513,1.021418385087049
2024-05-25,225741561.48719996,283681110.0850286,150004708.9301451,-0.38625153177564703
2024-05-26,81765338.718,284061517.6987143,149401599.88849136,-1.3540429227779476
2024-05-27,78486259.70539999,279143353.75437146,156378398.4180342,-1.2831509727614072
2024-05-28,201309272.7643,242849860.52049997,136936251.69707578,-0.30335712597197567
2024-05-29,305845899.936,236514461.04335713,132082085.00440165,0.52491175385619
2024-05-30,264832289.3765,228755629.2670143,127949799.39834742,0.2819594894179387
2024-05-31,306077441.6492,209151151.94808573,96161465.96903601,1.0079535365270385
2024-06-01,249622032.12489995,212562647.7534714,97265399.42521851,0.3810130281726882
2024-06-02,48154509.9261,207761100.7832,105296457.13561392,-1.5157831060881632
2024-06-03,89209413.90900001,209292979.95514283,103158579.10705486,-1.164067662482281
2024-06-04,332641019.85480005,228054658.1109286,112943311.78099054,0.9260075704763808
2024-06-05,381951958.79080003,238926952.23304287,124728107.26527515,1.1466942752010794
2024-06-06,344754426.3263999,250344400.36874285,130995206.89629073,0.7207135909362069
2024-06-07,281625399.42480004,246851251.47954288,129579692.1886638,0.2683610939176112
2024-06-08,455128375.3866,276209300.5169286,151703547.30025995,1.179399414540683
2024-06-09,77737031.91539998,280435375.0868286,144534328.98416176,-1.402423525234898
2024-06-10,66199927.998399995,277148305.67102855,149774752.16292626,-1.4084375011561168
2024-06-11,174365595.8674,254537530.81568572,151932535.70964652,-0.5276811485691241
2024-06-12,408497184.12,258329705.8627143,155921693.32244202,0.9630954811832582
2024-06-13,366473603.4202,261432445.44754288,158128601.678299,0.6642767776215185
2024-06-14,274885725.6153,260469634.9033286,158005629.8260398,0.0912378294864756
2024-06-15,337748082.471,243701021.6296714,138988190.63408864,0.6766550482617937
2024-06-16,78679201.4424,243835617.27638572,138801015.40127572,-1.189879017502258
2024-06-17,96557462.01850002,248172407.85068575,132664422.44880785,-1.1428455574869025
2024-06-18,299300640.48920006,266020271.3680857,129444918.11494333,0.257100623228502
2024-06-19,374130380.0434,261110727.92857143,123663064.12161946,0.9139321665495578
2024-06-20,120869513.94070001,226024429.43150002,123628640.65487617,-0.8505708299774344
2024-06-21,281061349.4486,226906661.40768573,124056729.43484634,0.4365316439311412
2024-06-22,230207961.62,211543787.0004,114319278.99367535,0.16326357884598436
2024-06-23,44080861.9482,206601167.07265714,121540947.85098253,-1.3371650295480504
2024-06-24,81685425.66800001,204476590.45115712,123892386.55312656,-0.9911114653562895
2024-06-25,549468502.1436,240214856.4017857,179435779.49155885,1.7234781525630032
2024-06-26,352591280.392,237137842.16587144,176923717.48431796,0.6525605490759715
2024-06-27,171579980.9622,244382194.5975143,172348559.30790913,-0.4224126614557282
2024-06-28,187543205.5896,231022459.7605143,172655769.30196416,-0.2518262456371892
2024-06-29,204630560.9822,227368545.38368574,172946282.27743143,-0.13147425953343506
2024-06-30,69285841.1872,230969256.7035429,168704628.43600062,-0.958381622456071
2024-07-01,124023354.4044,237017532.23731428,163127354.27970406,-0.6926746181340646
2024-07-02,259155678.24640003,195544271.68057147,91731012.39554083,0.6934558433906568
2024-07-03,174262530.77199998,170068736.02057144,60185270.81909903,0.0696814136474351
2024-07-04,263703420.89599997,183229227.43968573,69864609.00807704,1.1518592116791295
2024-07-05,330756425.484,203688258.8531714,89537740.2195961,1.4191576235807062
2024-07-06,493037343.0464,244889227.71948573,141386825.93231466,1.7551006870025418
2024-07-07,135832612.02,254395909.26702857,129335200.41039427,-0.9167132912835383
2024-07-08,121347003.56940001,254013573.43345717,129787999.8126952,-1.0221790154368369
2024-07-09,373768538.60060006,270386839.19834286,137542583.09695962,0.7516341272242869
2024-07-10,269873999.3576,284045620.4248572,130997593.61149053,-0.10818230073208118
2024-07-11,242131296.0075,280963888.2979286,131807146.48770249,-0.294616743668384
2024-07-12,255291075.6812,270183124.0403857,130131321.8725443,-0.11443861589119628
2024-07-13,234576338.2405,233260123.35382858,85308899.49872003,0.015428810996338926
2024-07-14,148892227.9,235125782.76525715,82932811.18413968,-1.0398002145832084
2024-07-15,196264972.2224,245828349.7156857,69557942.81373665,-0.7125480640795728
2024-07-16,493741259.7876,262967309.88525715,109594522.22429787,2.1057069752997073
2024-07-17,481594279.03050005,293213064.12424284,137484644.92517242,1.3701982138353401
2024-07-18,292832510.9782,300456094.8343429,135668550.071425,-0.056192712696710584
2024-07-19,235344354.3066,297606563.2094,136978437.38886666,-0.4545402188086323
2024-07-20,378697750.123,318195336.33547145,136756622.10690346,0.4424093901663751
2024-07-21,145569499.239,317720660.81247145,137446233.14222544,-1.252498214304166
2024-07-22,243535203.15739998,324473550.9460429,131517799.29628876,-0.6154174432793058
2024-07-23,298155966.4902,296532794.76070005,108288077.36164695,0.014989385434179154
2024-07-24,382770870.56279993,282415164.9796,83817208.51108687,1.1973162476524786
2024-07-25,257787801.2446,277408777.8748,84137273.96297649,-0.23320195326073892
2024-07-26,298230195.03000003,286392469.4067143,82233056.92458029,0.14395336943563503
2024-07-27,334282374.1088,280047415.6904,75349202.69937578,0.7197814505719952
2024-07-28,364564145.9772,311332365.22442853,52077738.843682334,1.0221599849515952
2024-07-29,133471924.2164,295609039.6614286,83246487.23552997,-1.9476751611907983
2024-07-30,405239744.70720005,310906722.2638572,93053870.44060448,1.013746360002885
2024-07-31,262138980.0,293673595.0406,88589981.54549949,-0.3559614133614413
2024-08-01,247521258.6363,292206946.09655714,89364701.76261137,-0.5000373366540216
2024-08-02,421154945.0352,309767624.66872853,101938677.9767482,1.0926894734879578
2024-08-03,436363660.9303,324350665.64322853,112757773.03174195,0.9933948877789488
2024-08-04,276874365.2748,311823554.11431426,112416092.93732856,-0.3108913317152755
2024-08-05,273185718.8636,331782667.6353429,84379383.98049425,-0.694446273574225
2024-08-06,1148661960.9464,437985841.38379997,322919319.51967055,2.2007853869496006
2024-08-07,438844401.6145,463229473.0430142,313655664.0133668,-0.07774471889490586
2024-08-08,420623562.88350004,487958373.6497571,300356414.26685524,-0.2241830291209717
2024-08-09,526376144.4930001,502989973.57229996,299086229.9337045,0.07819206830713643
2024-08-10,390585857.1193,496450287.31358576,301278300.1922845,-0.35138418574029395
2024-08-11,116405149.4914,473526113.6302429,325871595.8958289,-1.0958947285881382
2024-08-12,200426956.48,463132004.7183,334376134.3732962,-0.7856572919914706
2024-08-13,350700157.1307,349137461.31605715,142928130.7849227,0.010933437707895172
2024-08-14,360557538.416,337953623.7162714,137706353.56746337,0.1641457646226525
2024-08-15,358098726.2652,329021504.1993714,133411185.11231086,0.217951905916661
2024-08-16,380655235.1433,308204231.43512857,106046327.99457972,0.6832014373177973
2024-08-17,306429517.8054,296181897.2474286,99732645.78333025,0.1027509144822492
2024-08-18,86600153.7164,291924040.7081429,108901734.45302762,-1.8854051133621277
2024-08-19,136997377.12,282862672.22814286,119870292.73236401,-1.2168594218237059
2024-08-20,228221556.61110002,265365729.29677144,117227733.17551649,-0.3168548233382469
2024-08-21,323448576.746,260064449.05820003,112967148.75873145,0.5610846018887493
2024-08-22,335808532.9796,256880135.7316857,110018883.20808646,0.7174077298951624
2024-08-23,253147954.00439999,238664809.85470003,95739225.01826201,0.15127701469212157
2024-08-24,474948599.3185,262738964.3565714,130497135.57357895,1.6261631646487535
2024-08-25,142198698.2679,270681613.5782143,119192064.72177678,-1.0779485665444644
2024-08-26,112739077.6002,267216142.21824285,123983058.59226929,-1.2459530065801665
2024-08-27,199263562.6446,263079285.93731427,125968232.24671935,-0.5066017213588091
2024-08-28,334463993.0716,264652916.8409714,126913332.73310177,0.5500688913231916
2024-08-29,322847715.9136,262801371.54582858,125791811.83190079,0.47734700290359994
2024-08-30,268111393.7498,264939005.79517144,125727550.04904042,0.025232241886453344
2024-08-31,245014843.91369998,232091326.4516286,85229742.10436139,0.15163154484554126
2024-09-01,79166941.0532,223086789.70667142,98591974.74847685,-1.4597521656365327
2024-09-02,202251047.31599998,235874213.9517857,87020254.31941284,-0.38638322651149654
2024-09-03,208989807.0735,237263677.4416286,86413796.4037238,-0.32719162384711753
2024-09-04,201340623.2409,218246053.18010002,75404398.07033697,-0.22419686877455988
2024-09-05,300557226.4821,215061697.54702854,70566257.3381132,1.2115638856319915
2024-09-06,242470741.3188,211398747.19974285,67971372.6809587,0.4571335386281167
2024-09-07,427234498.8876,237430126.48172858,106795947.03758246,1.7772619436492056
2024-09-08,117603860.7172,242921115.00515717,97921981.9058863,-1.2797663185412311
2024-09-09,130262738.73859999,232637070.92267147,106324825.91928953,-0.9628450486416329
2024-09-10,306474585.12,246563467.78645712,109060369.63431315,0.5493390269483676
2024-09-11,212321349.4458,248132142.9585857,108378332.05622211,-0.3304239217688696
2024-09-12,332814234.9984,252740287.03234288,111616306.71105145,0.7174036691014141
2024-09-13,256473820.67,254740726.93965715,111527024.32474577,0.0155396751669478
2024-09-14,379400607.3766,247907313.8666571,100073954.83552389,1.3139611972571499
2024-09-15,112557340.83659999,247186382.45514283,101181162.37752172,-1.3305741746296824
2024-09-16,144995228.0038,249291023.77874285,98460358.09979282,-1.0592668743824354
2024-09-17,210252643.242,235545032.08188573,95827990.13161412,-0.26393529495033863
2024-09-18,354058739.5062,255793230.66194287,104669523.38041602,0.9388168176434337
2024-09-19,391444859.1818,264169034.11671427,113807077.52933088,1.1183471874346622
2024-09-20,418638472.35599995,287335412.92899996,127643467.42891082,1.0286704213839013
2024-09-21,276997037.9205,272706331.5781286,121030258.25842175,0.03545151769576465
2024-09-22,152492057.5311,278411291.1059143,112890719.27549356,-1.1154081963772993
2024-09-23,208130927.5188,287430676.7509143,102498719.81445003,-0.7736657528568937
2024-09-24,259284487.26270002,294435225.8967286,97918536.33408509,-0.35897941237702824
2024-09-25,251134995.32799998,279731833.87127143,95162017.08984135,-0.30050685575814884
2024-09-26,206460087.67200002,253305437.9413,83999330.28876866,-0.5576871876032511
2024-09-27,327423055.6652,240274664.12832856,56723196.987519935,1.536380108406893
2024-09-28,221805856.55249998,232390209.64718574,54562713.48640093,-0.19398509381912943
2024-09-29,71367128.775,220800934.1106,77960542.29305086,-1.9167876587348986
2024-09-30,74145360.8469,201660138.87175712,95959900.2477949,-1.3288339993640972
2024-10-01,275937981.0927,204039209.41889998,97815154.93882754,0.7350473627401058
2024-10-02,395681780.43719995,224688750.14878574,121744859.20964858,1.4045195123513075
2024-10-03,307554295.91950005,239130779.8984286,125170066.60341609,0.5466444005167932
2024-10-04,236511653.1595,226143436.68332857,119048946.3199297,0.08709204740299087
2024-10-05,229032610.2809,227175830.0731,119036396.107255,0.015598424251075209
2024-10-06,72898516.22299999,227394599.70852858,118703260.79258023,-1.301531924683114
2024-10-07,103983835.12200001,231657238.89068574,112665050.54905754,-1.1332121465040583
2024-10-08,276157962.6432,231688664.82647142,112679490.19434164,0.39465299088619454
2024-10-09,207594794.792,204819095.44858572,86422374.95617436,0.03211783227227742
2024-10-10,216014829.94259998,191742028.88045716,74371496.24605764,0.3263723642433709
2024-10-11,269528260.1268,196458687.01864284,78610185.07880034,0.9295178867078209
2024-10-12,273174108.1953,202764615.29212856,83289864.76819323,0.8453548711974789
2024-10-13,100712306.3732,206738013.88501427,76444058.23021781,-1.38697120438725
2024-10-14,98907434.1474,206012813.7457857,77596709.0140045,-1.3802825011439022
2024-10-15,360793561.428,218103613.57218572,94992035.94245401,1.5021253775659207
2024-10-16,502678672.23840004,260258453.20738572,142930190.74883687,1.696074270669698
2024-10-17,321120429.7620001,275273538.89587146,143028405.66818857,0.32054395525102036
2024-10-18,242164656.2904,271364452.6335286,143584453.75417387,-0.20336321641840546
2024-10-19,261758954.004,269733716.3204857,143625292.45895255,-0.05552477686870405
2024-10-20,60553586.890200004,263996756.3943429,152056485.31990853,-1.3379447057198708
2024-10-21,98048855.83,263874102.349,152212113.20649198,-1.0894352822895268
2024-10-22,346821091.3752,261878035.19860002,150814508.52652285,0.5632286774429366
2024-10-23,252679255.10399997,226163832.75082856,107735197.63264641,0.2461166168143417
2024-10-24,304197859.9296,223746322.77477142,105414167.65476163,0.763194729367998
2024-10-25,313889353.3986,233992708.07594284,110848614.88568714,0.7207726087064842
2024-10-26,391109107.30439997,252471301.40457138,125995292.33678865,1.1003411582176115
2024-10-27,78428057.1072,255024797.1498571,121560603.2010943,-1.4527464934549401
2024-10-28,103649486.70030001,255824887.2741857,120367796.7416802,-1.264253435663256
2024-10-29,412745996.39820004,265242730.8489,130801053.6651059,1.127691722781969
2024-10-30,626934619.4352,318707782.8962143,188550211.1078059,1.6347201879437472
2024-10-31,384788398.71169996,330220717.00794286,189971650.9604432,0.28724118271267457
2024-11-01,340772201.86980003,334061123.9323999,189858170.01551896,0.035347849064654636
2024-11-02,445487002.4402,341829394.6660857,193655871.807411,0.5352670528740838
2024-11-03,133227878.5983,349657940.59338576,181989425.0918388,-1.1892452645853842
2024-11-04,297064354.67300004,377288636.01805717,150345515.20696688,-0.5335994308484674
2024-11-05,371092180.6893,371338090.9167857,149530349.42868507,-0.0016445506107975582
2024-11-06,423067356.5514,342214196.2191,104534583.78090848,0.7734584805135706
2024-11-07,1493013774.3466,500532107.0240857,449562760.7958741,2.2076598728184136
2024-11-08,569813289.8141999,533252262.44471425,444301408.649033,0.08228879462852734
2024-11-09,456486068.84380007,534823557.64522856,443958608.2810636,-0.17645223527647919
2024-11-10,170231282.96800002,540109758.2694714,438567422.62108856,-0.8433788198195405
2024-11-11,679557041.9743,594751570.7410858,426911912.8772408,0.19864864079724148
2024-11-12,1363723544.3036,736556051.2574145,499008598.2298266,1.2568270271714503
2024-11-13,1465003479.1824,885404068.7761286,543342717.8051108,1.066728956537088
2024-11-14,1582738011.8256,898221816.9874142,560842055.1712247,1.2205150960535642
2024-11-15,1066135970.8832,969125057.1401285,543509426.6587412,0.1784898457777491
2024-11-16,919109477.0116,1035214115.4498144,496914389.2962121,-0.23365119010269617
2024-11-17,297287070.2607,1053364942.2059144,461081756.6129189,-1.6397913409095182
2024-11-18,387419484.46880007,1011631005.4194143,511067065.679701,-1.2213886647546641
2024-11-19,895022938.7744,944673776.0580999,487405147.19230753,-0.10186769173389534
2024-11-20,879056134.7604,860967012.5692428,430096420.2317361,0.042058295164165274
2024-11-21,1362099607.9357,829447240.5849714,372631098.8020509,1.4294361610266033
2024-11-22,1413929500.968,879132030.5970857,428454883.6437302,1.24820019746959
2024-11-23,978272034.8003999,887583824.5669143,429955819.1201012,0.210924486192739
2024-11-24,387213304.47980005,900430429.455357,410271696.7244801,-1.2509201318857008
2024-11-25,403233862.66359997,902689626.3403285,407006482.2085469,-1.227144494029978
2024-11-26,817388472.1122,891598988.2457286,408305880.51926154,-0.18175225896612518
2024-11-27,844425799.1950002,886651797.4506713,408692797.4477446,-0.10331965358667754
2024-11-28,754305423.9813,799824056.8857572,351394925.61034745,-0.12953696706176007
2024-11-29,355240142.98899996,648582720.0316143,258612363.94087407,-1.134294480636976
2024-11-30,591410646.9762,593316807.4853001,213882944.12919226,-0.008912166965256924
2024-12-01,145189198.9264,558741935.2633857,265972188.33732596,-1.5548721049453746
2024-12-02,183654540.03239998,527373460.6017857,298347435.8341779,-1.1520760002791692
2024-12-03,628309175.2224001,500362132.4746714,275390384.5656282,0.46460243319511263
2024-12-04,616301970.6084999,467773014.1051713,238979451.1124264,0.6215135059183563
2024-12-05,1002614042.5672001,503245673.9031571,299391885.04613614,1.6679422309228271
2024-12-06,1783684132.6222,707309100.9936142,557365355.7053297,1.931183954313889
2024-12-07,659696237.409,717064185.3411571,555593562.4602872,-0.10325524233599735
2024-12-08,160423463.44739997,719240508.8441571,553003914.750983,-1.0105119159027867
2024-12-09,239973680.66080004,727286100.3625,544253497.9505142,-0.8953776531281171
2024-12-10,657994801.3275,731526904.0918,543468824.8780694,-0.1353014182198903
2024-12-11,575697970.3326001,725726332.6238143,545117804.787936,-0.27522190794993184
2024-12-12,591142121.5905,666944629.6271429,532318766.07166415,-0.14240059315593975
2024-12-13,441805447.975,475247674.67754287,202700965.33196476,-0.16498306580718192
2024-12-14,334557725.2407,428799315.79635715,190261367.31639087,-0.49532699089111565
2024-12-15,179315304.8256,431498150.2789572,185904103.8688549,-1.3565211321599349
2024-12-16,396119548.9335,453804702.88934284,167555444.53345233,-0.34427501962985185
2024-12-17,822694979.1708001,477333299.7241,207749944.84899166,1.6623911967713638
2024-12-18,740994427.2423999,500947079.2826429,229091883.00533503,1.0478212707089534
2024-12-19,704470672.9176,517136872.32937145,240260444.40373465,0.7797113713542961
2024-12-20,850319898.6744,575496079.5721428,267034958.05156937,1.0291679453039388
2024-12-21,731680040.3884,632227838.8789572,248883742.7259316,0.3995930004112748
2024-12-22,306252906.08059996,650361781.9153856,212323149.32649526,-1.620684682411336
2024-12-23,299236646.1216,636521367.2279713,233736164.24046692,-1.443014700794756
2024-12-24,528489091.5128,594491954.7054,220771610.88497913,-0.2989644498584882
2024-12-25,403446687.8007,546270849.0708715,220302450.95603272,-0.6483094520753918
2024-12-26,179337009.7212,471251754.3285285,245430650.6077436,-1.1893980800054087
2024-12-27,407848155.4749,408041505.3000285,179710802.291022,-0.001075894284948919
2024-12-28,556478116.8184,383012659.07574284,133343078.18691683,1.3008958552726513
2024-12-29,139756308.5128,359227430.8517715,161247062.9395745,-1.3610860150749893
2024-12-30,165696961.9374,340150333.1111714,176687714.33335832,-0.9873542811506897
2024-12-31,489958490.16159993,334645961.48957145,170328212.39791563,0.9118426506419972
2025-01-01,380560542.31020004,331376512.1337857,169001964.15494785,0.29102638198524367
2025-01-02,176175933.4017,330924929.8024286,169479480.1679913,-0.9130839689107993
2025-01-03,375712664.4234,326334145.3665,167471886.49667734,0.2948466162879203
2025-01-04,333970035.6762,294547276.6319,134350425.29274583,0.29343233531564095
2025-01-05,126838371.7356,292701857.0923,136895589.54143247,-1.2116057640155031
2025-01-06,107457969.64,284382001.0498143,147276909.83797473,-1.2013018986102817
2025-01-07,531768338.655,290354836.5488714,157496832.158314,1.5328149702938947
2025-01-08,515915061.14820004,309691196.38287145,177461073.06834707,1.1620794419850256
2025-01-09,601290424.656,370421837.9906286,195934046.47029346,1.1782974466378642
2025-01-10,499171325.2984,388058789.5442,201953751.55972785,0.5501880252090213
2025-01-11,506105220.439,412649530.2246,204730856.4415822,0.45648072712999466
2025-01-12,101022094.4903,408961490.61812866,210877836.04430044,-1.4602738813344893
2025-01-13,106187074.3941,408779934.15442854,211181009.8891103,-1.4328601796118787
2025-01-14,695779803.0023999,432210143.3469143,234870342.8788736,1.1221921696236155
2025-01-15,406922707.1982,416639807.06834286,231991508.94817206,-0.041885584150037666
2025-01-16,503663875.2315,402693157.1505571,221749158.54818052,0.45533754780406316
2025-01-17,472274973.7728,398850821.21832854,220025143.77464983,0.33370800852502863
2025-01-18,838481377.8264,446333129.4165286,275818755.8182804,1.4217606313481932
2025-01-19,354815863.1537,482589382.0827285,236780490.6615323,-0.5396285756991498
2025-01-20,743951096.5206,573698528.1007999,184804003.23544484,0.9212601753160838
2025-01-21,1199706458.5788,645688050.326,301557006.7276771,1.8371929548734036
2025-01-22,758501900.7327001,695913649.4023571,283924746.48103905,0.22043957811378287
2025-01-23,461480282.62100005,689887421.8865715,289086028.09865165,-0.7901009286675962
2025-01-24,1121635926.8407,782653272.3248428,310976275.288655,1.0900595365392616
2025-01-25,503540972.3,734804642.9639286,326342846.83792037,-0.7086524889537006
2025-01-26,156538983.728,706479374.4745429,370445987.0927197,-1.4845359645072824
2025-01-27,207368431.16640002,629824707.9953715,414318197.89549303,-1.0196420986932637
2025-01-28,931328589.3154999,591485012.3863286,361894844.2184839,0.9390671968899348
2025-01-29,480661272.8852,551793494.1223999,355707420.38951147,-0.19997395938298884
2025-01-30,501138804.60719997,557458997.2632858,354342430.76396054,-0.1589428410666477
2025-01-31,503455034.12409997,469147441.1609143,252777785.48791873,0.13572234164867056
2025-02-01,509402551.8504,469984809.66811424,252920377.34807208,0.15585040080830875
2025-02-02,218441677.71600002,478828051.66639996,240932405.66497192,-1.0807445068741799
2025-02-03,507586229.14400005,521716308.5203428,209185497.336337,-0.06754808319060406
2025-02-04,1182285158.8992,557567247.0323,294992483.16480345,2.117741798586403
2025-02-05,630944276.2234,579036247.5091857,293929306.8141506,0.17660038489130792
2025-02-06,385864519.1124,562568492.4385,302135626.49003047,-0.5848498417048833
2025-02-07,453783388.59599996,555472543.0773429,304330672.99400985,-0.33414033978541646
2025-02-08,497167227.67399997,553724639.6235714,304674315.37549746,-0.18563235919597276
2025-02-09,105577501.79879999,537601185.9211142,327505741.1652307,-1.3191331626285994
2025-02-10,195295578.423,492988235.8181143,352585707.55992424,-0.8443128890711473
2025-02-11,292172978.5667,365829352.9134714,181618159.8474294,-0.40555621975603856
2025-02-12,319500486.0,321337382.8815571,138993182.97720605,-0.013215733622406113
2025-02-13,382669353.6804,320880930.67698574,138750994.21651092,0.4453187766496137
2025-02-14,279715194.61719996,296014045.8228714,125972252.99274959,-0.12938445426239634
2025-02-15,341965900.7687,273842427.69354284,94359204.63423793,0.7219589582089248
2025-02-16,83354710.842,270667743.27114284,101097223.52922904,-1.8528009562496761
2025-02-17,88960108.96370001,255476961.91981426,120447273.3171229,-1.3824875264523073
2025-02-18,204000189.8912,242880849.25188568,120580471.01245551,-0.32244574128981013
2025-02-19,358932055.68,248513930.63474283,125574076.7266213,0.8793066843377307
2025-02-20,302174944.34879994,237014729.30165714,114432875.45953849,0.5694186638714881
2025-02-21,353536327.46999997,247560605.42348573,122164330.92009822,0.8674849790306456
2025-02-22,565123715.689,279440293.2692428,170472143.48548803,1.6758363951942499
2025-02-23,136075375.2045,286971816.7496,161282044.5686965,-0.9356059563147908
2025-02-24,95907983.0501,287964370.19051427,159875599.23936906,-1.2012864255342897
2025-02-25,456800366.08140004,324078681.07482857,166176186.20682532,0.7986805332106016
2025-02-26,988461647.0316,414011479.8393428,302561772.9903239,1.8986211031048803
2025-02-27,916529714.142,501776446.95265716,350085727.0773388,1.1847191562246067
2025-02-28,556087748.9388,530712364.3053428,344110852.08294934,0.07374189009110454
2025-03-01,882607540.6126,576067196.4372857,369395975.3317501,0.8298421332284796
2025-03-02,245714267.6917,591729895.3640286,349414589.7934437,-0.9902724092799777
2025-03-03,868157340.8468,702051232.1921285,282229373.53974986,0.5885500384717278
2025-03-04,814966434.5565,753217813.4028571,262105652.39333147,0.23558675896458428
2025-03-05,805779945.5419999,727120427.4757715,243191227.81201008,0.32344718505649883
2025-03-06,642147466.0185001,687922963.4581286,229289219.73270163,-0.1996408618468507
2025-03-07,586318812.4572,692241686.8179,226661861.89521798,-0.4673167046058515
2025-03-08,841768984.0728,686407607.3122143,221410100.9343148,0.7016905556927435
2025-03-09,137304569.4696,670920507.5662,258121150.99527892,-2.067308068475024
2025-03-10,340343818.89,595518575.8580858,267811995.96704718,-0.9528130211145719
2025-03-11,599842397.0268,564786570.4967,250196499.6992619,0.14011317733156683
2025-03-12,657508590.4368,543604948.3388144,232008860.8638143,0.49094522370352633
2025-03-13,494687970.8631,522539306.17375714,228234011.14202693,-0.12202973242811578
2025-03-14,361317598.8765,490396275.6622285,233536926.29528663,-0.5527120649970362
2025-03-15,411874087.4424,428982719.00074285,174899282.87210345,-0.09781990684806696
2025-03-16,101918514.9123,423927568.3497,184956987.67570177,-1.74099425755139
2025-03-17,186189864.82850003,401905574.9123429,204691930.66554323,-1.0538554665172022
2025-03-18,253675620.1393,352453178.21412855,190204747.5951424,-0.5193222531178882
2025-03-19,282553783.274,298888205.76229995,134666101.28801742,-0.12129572573995206
2025-03-20,470152534.5582,295383143.4330286,128917077.40995409,1.355672922753343
2025-03-21,393288330.1868,299950390.7630714,132167653.65057607,0.7062086436859565
2025-03-22,210905330.79200003,271240568.38444287,125460527.35740605,-0.4809101225962701
2025-03-23,70266363.4959,266718832.4678143,132928310.32643831,-1.4778828414314207
2025-03-24,118470479.18200001,257044634.5183143,141925533.87756464,-0.9763863594542368
2025-03-25,408633473.976,279181470.7807,152967693.94814417,0.8462702146714981
2025-03-26,342001593.955,287674015.1637,154825075.79215527,0.3508965102283043
2025-03-27,337668535.508,268747729.5851,135719340.6677352,0.5078186025942336
2025-03-28,253176718.4037,248731785.04465717,124127666.48882462,0.03580936857008431
2025-03-29,339761375.65440005,267139791.45357147,127102077.3193471,0.5713642588103817
2025-03-30,167832345.2598,281077788.8484143,105413927.12179406,-1.0742929960077459
2025-03-31,156176608.6463,286464378.77188575,96288313.92346269,-1.3531005458164782
2025-04-01,331796681.099,275487694.0751714,83581250.84023257,0.6737035693742423
2025-04-02,329074257.9559,273640931.7895857,81994410.56849606,0.6760622557315258
2025-04-03,600900789.8779001,311245539.55671436,149130387.68567285,1.9422952948509857
2025-04-04,363175069.23389995,326959589.6753143,147781033.7696498,0.24506175545527492
2025-04-05,405020628.2276,336282340.0429143,150751809.24666053,0.45596990529125875
2025-04-06,106131284.6266,327467902.8096,163506827.27207503,-1.3536842581789952
2025-04-07,499951938.23999995,376578664.1801286,154883753.3081649,0.796554005341034
2025-04-08,907314804.484,458795538.94941425,250430291.48884243,1.7909944634416115
2025-04-09,444856038.8187,475335793.3583857,244180133.02376476,-0.12482487482599264
2025-04-10,958674278.926,526446291.79382855,304769630.51585746,1.4182121309153282
2025-04-11,381622657.17209995,529081661.4992857,303198214.2985775,-0.48634522689495135
2025-04-12,476890393.1271,539348770.7706429,299491189.8290738,-0.20854829712750234
2025-04-13,266481222.4382,562255904.7437285,264976724.7122451,-1.116228916433052
2025-04-14,270239284.2617,529439811.31825715,287265741.7552188,-0.902302256693817
2025-04-15,396003972.99819994,456395406.82028574,235512510.49784327,-0.25642558730500575
2025-04-16,262866412.08800003,430396888.71589994,246774427.96638697,-0.6788810251065364
2025-04-17,346351163.87219995,342922157.99392855,81455092.98785919,0.04209688740742695
2025-04-18,220204644.096,319862441.84019995,90966293.26200986,-1.09554642901801
2025-04-19,84866247.5856,263858992.47712854,98539271.7852721,-1.8164610073593135
2025-04-20,100123591.60210001,240093616.6434,116267494.95161256,-1.2038620518963774
2025-04-21,99098366.64,215644914.12601426,126422247.61872588,-0.9218832102835608
2025-04-22,425579371.875,219869971.10841426,133737078.4072185,1.5381628133090912
2025-04-23,668586497.2874999,277829983.2797714,217292400.04288328,1.7982981177924842
2025-04-24,483707493.4522,297452316.07691425,230322624.48305845,0.8086707842675954
2025-04-25,266451299.2119,304058981.0934714,228392714.4759988,-0.16466235347241565
2025-04-26,521970611.6286,366502461.67104286,217992774.5697186,0.7131802889541883
2025-04-27,108600159.33960001,367713399.91925716,216283274.55607465,-1.1980271757559238
2025-04-28,120621702.0942,370788162.1269999,211937420.40525547,-1.1803789040861443
2025-04-29,318459615.914,355485339.84685713,211187825.7630544,-0.1753212989388828
2025-04-30,293182932.05259997,301856259.0990143,159853314.85273147,-0.05425803684086762
2025-05-01,291983347.15400004,274467095.3421286,138500861.92982426,0.12647034515024622
2025-05-02,391713317.61399996,292361669.3995714,145221581.1076117,0.684138317849654
2025-05-03,249998021.27239996,253508442.20582852,104117918.08961716,-0.0337158195038729
2025-05-04,137532711.3506,257641663.9216857,97788564.64825511,-1.2282515138975287
2025-05-05,139921007.6955,260398707.57901427,93457739.2825362,-1.2891142114971652
2025-05-06,231559265.266,247984371.77215716,90173839.89862703,-0.18214935201408947
2025-05-07,286070265.1169,246968276.49562857,89618010.3602179,0.43631841930100607
2025-05-08,308530258.6982,249332121.00194284,91207395.00896297,0.6490497584153098
2025-05-09,643379225.0214,285284393.4887143,171204306.4025279,2.0916228046901413
2025-05-10,327447968.6962,296348671.6921143,171046386.70527226,0.18181791269097372
2025-05-11,160483067.7114,299627294.0293714,167681695.46515384,-0.8298116615053378
2025-05-12,177084120.2841,304936310.11345714,162283875.73372325,-0.7878305176734755
2025-05-13,463052385.2478,338006755.82514286,168313823.8466603,0.7429314275253946
2025-05-14,330367283.1019,344334901.25157136,166862170.81369033,-0.08370751789671306
2025-05-15,263574572.1326,337912660.31362855,169316983.97400364,-0.43904684832114754
2025-05-16,284591994.7354,286657341.7013429,102593830.05597702,-0.020131298001214788
2025-05-17,235832916.07099998,273569477.0406,102366307.42396273,-0.3686423972812596
2025-05-18,110795334.4953,266471229.43829998,112714502.94654848,-1.381152299600919
2025-05-19,338876656.5444,289584448.90405715,107811795.30389276,0.45720607380111994
2025-05-20,454400005.073,288348394.5933714,105516702.50407377,1.5736997701687818
2025-05-21,399355542.8364,298203860.26972854,113048467.17792605,0.8947638574123223
2025-05-22,759188399.9934,369005835.6784143,205303375.4401143,1.9005170444886306
2025-05-23,492405497.4279,398693478.9202,206086204.7182364,0.4547224237343992
2025-05-24,535345720.4497,441481022.4028715,197553367.34391072,0.4751359053446261
2025-05-25,142559041.51279998,446018694.83394283,188865556.62172642,-1.6067495775787946
2025-05-26,191621069.88480002,424982182.454,209826190.81331494,-1.112163889858842
2025-05-27,210873065.2652,390192619.6243143,223855344.70200244,-0.8010510296183706
2025-05-28,330449525.56329995,380348902.8710143,224897857.89682105,-0.22187573405259933
2025-05-29,282226167.583,312211441.0981,151153338.0610261,-0.198376522144644
2025-05-30,367528099.6832,294371812.8488571,132568383.65530464,0.5518381141657345
2025-05-31,340582430.4732,266548485.7093571,85726592.8936316,0.8636053558748477
2025-06-01,135419862.5652,265528603.00255713,87472228.72171536,-1.4874291228052026
2025-06-02,153854846.2288,260133428.19455716,93731259.37773225,-1.1338648671886487
2025-06-03,247475970.64080003,265362414.6767857,91520057.624534,-0.19543742104452977
2025-06-04,224684018.60410002,250253056.53975716,87631688.20494314,-0.29177844749332177
2025-06-05,190982822.82009998,237218293.00220004,88860585.5801935,-0.520314714113314
2025-06-06,405030629.85260004,242575797.3121143,98621022.71901481,1.647263717831668
2025-06-07,309049635.8136,238071112.36074287,94010693.08757633,0.7550047885163084
2025-06-08,125174072.3698,236607428.0471143,95935332.76864049,-1.1615465591394691
2025-06-09,109586139.24859999,230283327.04994288,103463348.32285663,-1.1665695123717452
2025-06-10,324410050.8715,241273909.94004288,109503949.27044779,0.7592067819045625
2025-06-11,282400974.6384,249519189.37351432,110217215.80630453,0.298336199334522
2025-06-12,221995215.2148,253949531.14418572,108074569.47816184,-0.2956691484747722
2025-06-13,308876069.19070005,240213165.33534288,90324680.44295666,0.7601787630870204
2025-06-14,424097932.8105,256648636.33490005,112646617.4040015,1.4865008851091497
2025-06-15,114508327.6191,255124958.51337144,114773412.79572257,-1.225167288042096
2025-06-16,101048176.749,253905249.58485717,116608540.74313043,-1.3108565793013078
2025-06-17,290426256.2309,249050421.77905717,113858963.99805142,0.36339549385458064
2025-06-18,318233255.43799996,254169319.03614283,116385684.56459348,0.5504451569067498
2025-06-19,230330897.70569995,255360130.82055715,116043768.01828852,-0.2156878696916545
2025-06-20,184680196.2382,237617863.25591427,115992181.96346684,-0.45638995768169643
2025-06-21,249920173.724,212735326.24355713,83434269.16286354,0.4456783507968186
2025-06-22,210130134.9148,226395584.4286571,71670180.70270701,-0.2269486326723155
2025-06-23,438672443.63690007,274627622.5555,85522779.26764418,1.9181418387728093
2025-06-24,531571954.89599997,309077008.0790857,129966884.62655927,1.7119356785093431
2025-06-25,340661317.9606,312281017.0108857,130505567.3458344,0.21746429310948603
2025-06-26,366808161.57159996,331777768.9917286,126350532.72855766,0.27724768406895534
2025-06-27,221532416.7903,337042371.92774284,119797796.43790202,-0.9642076780378692
2025-06-28,253417685.26349998,337542016.4333857,119380439.12612489,-0.7046743317890528
2025-06-29,81547105.2675,319173012.1980571,148575345.78467786,-1.5993629742241045
2025-06-30,132060242.23940001,275371269.1412714,152615380.37057173,-0.9390339725517306
2025-07-01,251310566.4104,235333927.92904285,102849348.68471885,0.1553402008439839
2025-07-02,342077839.9992,235536288.22027138,103092230.69222584,1.033458593955547
2025-07-03,327546691.235,229927506.74361426,95552296.93453214,1.0216309562738168
2025-07-04,297552299.5824,240787489.99962857,98707065.86807586,0.575083547297808
2025-07-05,183692411.616,230826736.62141427,100717690.43710409,-0.46798456955135
2025-07-06,50327643.2935,226366813.48227143,108796903.26176196,-1.6180531330494459
2025-07-07,114224044.6484,223818785.25498572,111547763.34475602,-0.9824916010898921
2025-07-08,210921838.6336,218048967.00115713,110931599.51488756,-0.06424795458394741
2025-07-09,190443459.0946,196386912.5862143,96548009.77136649,-0.06155956508776195
2025-07-10,390793916.0227,205422230.41302857,112508403.99514286,1.6476252353350793
2025-07-11,604775486.2066,249311257.07362857,188617864.32558727,1.8845735021120706
2025-07-12,536427815.4702,299702029.0528,213625711.77106905,1.1081334004920065
2025-07-13,162403181.9958,315712820.2959857,195228344.70387846,-0.7852837073055408
2025-07-14,218718683.73499998,330640625.87978566,180709204.53097758,-0.6193483195018976
2025-07-15,617882068.7361,388777801.6087142,200187595.21826738,1.1444478708962467
2025-07-16,1097599365.8855999,518371502.5788571,312511398.97105885,1.853461554406801
2025-07-17,386623741.27000004,517775763.32847136,312798975.5425227,-0.41928533119713546
2025-07-18,393600484.5465,487607905.9484572,313192977.07912546,-0.3001581398110565
2025-07-19,463785398.4918,477230417.8086857,312508487.30482167,-0.043022893339122015
2025-07-20,107452662.39050001,469380343.57935715,322272493.9550315,-1.1230486249296812
2025-07-21,169171277.763,462302142.7262143,329165832.35788476,-0.8905264038598892
2025-07-22,344934175.4226,423309586.53857136,323786982.8185835,-0.24205856095173783
2025-07-23,389871543.3794,322205611.8948286,131608866.11071134,0.5141441719256954
2025-07-24,336087614.4572,314986165.20728576,128843272.72783029,0.16377610412372187
2025-07-25,323171615.4069,304924898.1873428,124352804.74975535,0.14673345933995158
2025-07-26,1010547389.4347999,383033754.0363429,295166960.763393,2.125961638035344
2025-07-27,182399540.227,393740450.8701286,284677573.3282406,-0.7423869333024244
2025-07-28,200531017.07459998,398220413.6289286,280774525.7526231,-0.7040859423568334
2025-07-29,315487333.777,394013721.9652715,281924183.48615015,-0.2785372550068205
2025-07-30,311508595.1135,382819015.0701428,283666517.66998917,-0.25138821649583487
2025-07-31,313097229.9414,379534674.4250285,284429825.7760863,-0.23358114537513563
2025-08-01,329742916.96500003,380473431.79047143,284223565.3429145,-0.17848806718142898
2025-08-02,576532620.7182,318471321.9738143,128604297.93674745,2.0066304383645885
2025-08-03,247123533.19099998,327717606.6829571,119171384.56638047,-0.6762871287029888
2025-08-04,169277352.9084,323252797.5163571,125165395.37114562,-1.230175833754871
2025-08-05,260698672.512,315425845.9070715,127424582.34710576,-0.42948677866562784
2025-08-06,255080279.66200003,307364657.9854285,129481986.11821668,-0.4037965425993157
2025-08-07,263591202.78060004,300292368.3910286,130464963.63219367,-0.28131051117981626
2025-08-08,332091893.1936,300627936.4236857,130556327.01272875,0.24099909586799767
2025-08-09,309447185.85719997,262472874.3006857,51693729.671293505,0.908704244309924
2025-08-10,209163478.0356,257050009.27848572,55428463.39543744,-0.8639339485428972
2025-08-11,282006022.20059997,273154104.8916572,39869072.040777914,0.2220246636262086
2025-08-12,561914549.9911001,316184944.5315286,115327896.43001534,2.1307039585924303
2025-08-13,414262031.276,338925194.76210004,116953441.0078473,0.6441609230535171
2025-08-14,740473733.7865,407051270.6200857,184908323.02502453,1.8031771513134678
2025-08-15,839865072.422,479590296.2241429,241530548.33033666,1.4916323367308233
2025-08-16,385559844.39500004,490463533.1581143,234196317.77507287,-0.447930564236565
2025-08-17,154740684.13439998,482688848.31508577,245711376.0187715,-1.3346885662942674
2025-08-18,169370831.0,466598106.7150001,264047559.27373612,-1.1256581069430254
2025-08-19,440690558.252,449280393.6094143,260708437.3230654,-0.03294805279650359
2025-08-20,439682506.37219995,452911890.0517286,260316107.55727944,-0.05082045749557655
2025-08-21,453737318.7438,411949545.04562855,228090013.8557261,0.18320737936647888
2025-08-22,360039798.18359995,343403077.2972857,128350381.17609403,0.1296195674205988
2025-08-23,592862531.3415,373017746.8610714,159768868.32473165,1.3760176609224781
2025-08-24,206812074.8232,380456516.9594714,148743991.42796317,-1.1674047500625768
2025-08-25,368372761.3728,408885364.1555857,117388319.107517,-0.345116133281369
2025-08-26,617546477.3731999,434150495.4586143,141856562.85882452,1.2928269106386083
2025-08-27,424124303.24520004,431927895.0119,141877322.75517112,-0.05500238949508614
2025-08-28,293178788.80320007,408990962.1632428,150481444.9047451,-0.7696109871443085
2025-08-29,343506011.7608,406628992.67427146,151504126.2028308,-0.4166419918422792
2025-08-30,468807748.18350005,388906880.79455715,132102078.90410502,0.6048418620795831
2025-08-31,195171765.1679,387243979.41522855,134821595.37877253,-1.4246398264885838
2025-09-01,162963756.733,357899835.8952571,159676297.33641607,-1.2208203873337162
2025-09-02,339418391.9629,318167252.2652143,111694193.75541015,0.1902618120349368
2025-09-03,479387021.214,326061926.26075715,121916770.52883238,1.2576210334982802
2025-09-04,432204195.52650005,345922698.6498,126889664.8363471,0.6799726123319778
2025-09-05,364884211.3378,348976727.16080004,127078932.95806266,0.1251779803836535
2025-09-06,454072311.0768,346871664.7169857,124865874.94495472,0.8585263700516422
2025-09-07,121643369.9242,336367608.2536,141710678.962088,-1.5152297618081796
2025-09-08,176979103.01940003,338369800.5802286,138923982.6015175,-1.1617194852796113
2025-09-09,283816024.452,330426605.2215286,140435389.72876236,-0.33190053347345344
2025-09-10,356600848.2825,312885723.37417144,125614953.89011908,0.34800892373505254
2025-09-11,494373923.66519994,321767113.1082715,137127443.95132825,1.2587327932561274
2025-09-12,389601858.6288,325298205.5784143,138731637.55347896,0.4635110936796775
2025-09-13,486016774.7702,329861700.39175713,144095288.72207254,1.0836931294792778
2025-09-14,175498663.33389997,337555313.736,132060242.34819135,-1.2271418522375557
2025-09-15,152381637.00160003,334041390.01917136,137269554.24905077,-1.3233797837500265
2025-09-16,367440087.576,345987684.75117147,135801000.91050404,0.15796940141086388
2025-09-17,300754730.475,338009667.9215285,136710954.65399337,-0.27250879449140225
2025-09-18,482484907.46360004,336311237.03558576,134500577.71163648,1.0867884206520244
2025-09-19,456554669.58360004,345875924.3148429,141138609.44149402,0.7841847507689713
2025-09-20,321336334.242,322350147.0965286,126891778.43670817,-0.00798958661481982
2025-09-21,168707301.125,321379952.4952571,128220719.53015156,-1.1907018766522797
2025-09-22,169837768.6137,323873685.5827001,124501934.00365104,-1.237217061740446
2025-09-23,520270728.98679996,345706634.3556714,145109965.85019264,1.202977987131108
2025-09-24,336868676.8944,350865769.5584429,143882204.2688458,-0.09728161126784754
2025-09-25,313925096.76379997,326785796.60132855,131779255.06434867,-0.09759274956630028
2025-09-26,557658491.1352,341229199.6801285,152313596.3676325,1.4209453168756243
2025-09-27,415207991.1228,354639436.3773857,154388516.50986218,0.3923125638787083
2025-09-28,89616887.33850001,343340805.83645713,172137282.1304507,-1.4739626149417049
2025-09-29,166004189.26079997,342793151.6431857,172786156.64684224,-1.0231662409374889
2025-09-30,367202369.7639,320926243.1827714,155392365.3438374,0.2978018030598427
2025-10-01,386044153.7232,327951311.3011714,157332685.33532178,0.3692356886823347
2025-10-02,524767121.3942001,358071600.53408575,173546607.0411375,0.960523076205119
2025-10-03,546864444.1007999,356529593.8148857,171513709.50163925,1.1097354890111284
2025-10-04,698887641.2367,397055258.1168714,215550182.60879415,1.4002882273944977
2025-10-05,171456873.6694,408746684.73557144,197564647.80753565,-1.2010742493633548
2025-10-06,437809820.6362,447576060.6463429,166111129.52057743,-0.05879341160540989
2025-10-07,649073316.1583999,487843338.7027,177176222.12642834,0.909997828831966
2025-10-08,608245802.8422999,519586431.434,175797608.0029354,0.504326380861903
2025-10-09,486228475.275,514080910.5598286,176211299.41412807,-0.1580627086766462
2025-10-10,568513120.6116999,517173578.6328143,177070459.37343904,0.28993849205875327
2025-10-11,1306161470.25,603926982.7775714,347592315.35232043,2.0202819695845173
2025-10-12,621896053.3137001,668275437.0124714,291327402.71581984,-0.1592002100262875
2025-10-13,596773383.0,690984517.3501571,276169682.29897356,-0.3411349629904951
2025-10-14,453584199.096,663057500.626957,290620340.8249126,-0.7207799045874649
2025-10-15,632776902.3981,666561943.4206429,289996471.1242568,-0.11650155911058216
2025-10-16,452361253.4112,661723768.8686714,293764542.88064617,-0.7126881733393314
2025-10-17,721459766.0198,683573289.6412572,291354307.05141544,0.13003575187188476
2025-10-18,958544723.3045001,633913754.3633286,173231422.29083768,1.8739727738086087
2025-10-19,178586735.2844,570583851.7877142,244662450.21000087,-1.6021956625009346
2025-10-20,360733007.9128,536863798.20382863,256434032.5472163,-0.6868463929747635
2025-10-21,574196053.158,554094063.0698286,253945699.48826185,0.07915861591151119
2025-10-22,810423676.5352,579472173.6608429,271396404.97061837,0.8509748052829224
2025-10-23,620593968.9055,603505418.7314571,265652244.3919613,0.0643267675496441
2025-10-24,409262233.9344,558905771.2906858,268737783.1753211,-0.5568384749927784
2025-10-25,391463939.8065,477894230.7909714,206440210.77180222,-0.4186698447039027
2025-10-26,128976081.8684,470806994.5886858,218903578.1279303,-1.5615592748352203
2025-10-27,259454137.40649998,456338584.5163571,230434756.69896543,-0.8544043005068995
2025-10-28,354665532.17340004,424977081.51855713,226628654.46055853,-0.3102500410308609
2025-10-29,356539177.9994,360136438.87058574,149915414.25682905,-0.023995270192983875
2025-10-30,496767848.5752,342446993.1091143,117960014.63584012,1.308247171234226
2025-10-31,629531902.7028,373914088.6474571,160473057.19645736,1.5929017526126248
2025-11-01,401695202.8926,375375697.65975714,160705969.31587413,0.16377428508029346
2025-11-02,129318618.6592,375424631.4870143,160618466.21992642,-1.5322398390408876
2025-11-03,300984513.4467,381357542.34990007,156330595.10882622,-0.5141221962805816
2025-11-04,689855836.8562,429241871.5903,193668058.45780316,1.3456734545758
2025-11-05,1040501050.9563001,526950710.58414286,296245079.6727939,1.7335320503529696
2025-11-06,588216878.5266,540014857.7200571,296708251.1982157,0.16245594995044998
2025-11-07,458009864.57600003,515511709.4162286,295161934.53626424,-0.1948145682490225
2025-11-08,811408079.7108,574042120.3902571,309123278.35613775,0.7678682776101904
2025-11-09,208341124.3232,585331049.7708286,291092583.6042732,-1.2950859852895766
2025-11-10,313754370.5065,587155315.0650856,289046420.08107996,-0.9458721006885136
2025-11-11,383895018.93259996,543446626.7902857,294018480.8712151,-0.5426584321669629
2025-11-12,345419948.2887,444149326.4092,200753991.38309583,-0.49179285273634354
2025-11-13,370630670.5874,413065582.4178857,191354439.6900625,-0.22176079059998655
2025-11-14,642916678.518,439480841.55245715,210406870.1382618,0.9668687948823241
2025-11-15,1034072765.2275,471290082.3405571,280996203.00731343,2.002812411213597
2025-11-16,320470295.0616,487308535.30318576,266321082.68416902,-0.6264552492805825
2025-11-17,429882309.77500004,503898240.9129714,257167814.67458537,-0.28781179803401724
2025-11-18,746614631.5984,555715328.4366572,265369901.7511974,0.7193705913970759
2025-11-19,792818924.1035,619629467.8387715,260104452.156764,0.665845797058283
2025-11-20,755500212.9849,674610831.0384142,238476330.9182971,0.3391924961064533
2025-11-21,972004262.7926999,721623343.0776571,262422325.77102453,0.9541143992966195
2025-11-22,1411027815.0208,775474064.4767001,358363745.7355059,1.7734878544694561
2025-11-23,361493883.12780005,781334577.0575858,349918606.4070799,-1.1998238625852369
2025-11-24,452068726.93399996,784504065.223157,346286290.74609953,-0.9600014415035041
2025-11-25,623501403.7182,766916461.2402714,351616778.15637493,-0.4078731915866948
2025-11-26,437118850.122,716102164.9572,372341024.2094712,-0.7492682693977065
2025-11-27,491912194.422,678446733.7339286,380922224.35646355,-0.48969193022818025
2025-11-28,339327648.708,588064360.2932571,374667266.387214,-0.6638869575763546
2025-11-29,396134152.5668,443079551.3712571,95461646.8415401,-0.49177235421449755
2025-11-30,104957737.43460001,406431530.55794287,159659091.97231564,-1.8882344212230484
2025-12-01,150054698.02189997,363286669.2847857,184192891.23304683,-1.1576558130742283
2025-12-02,764261982.7998,383395323.4393,221284551.09263146,1.7211624466321929
2025-12-03,680207826.4326,418122320.0551,248519217.85844803,1.0545884887130905
2025-12-04,662424668.6355,442481244.9427428,264781671.4706955,0.8306595485673531
2025-12-05,417491671.01040006,453647533.8430857,261332168.45469865,-0.1383521326382488
2025-12-06,452354145.56539994,461678961.41431427,260131175.44839823,-0.035846590985647055
2025-12-07,151812328.1885,468372474.3791571,249820951.7432549,-1.2671481074013007
2025-12-08,310722096.477,491324959.87274283,221473386.79653484,-0.8154607919626059
2025-12-09,461404777.2424,448059644.79311424,186010820.82168278,0.07174385011761714
2025-12-10,547500913.2887,429101514.3439857,163849557.74894318,0.7226104273417118
2025-12-11,553009761.8255,413470813.37112856,141588248.81925765,0.9855263386476218
2025-12-12,613547094.5037,441478731.01302856,160627228.93055835,1.0712278648911966
2025-12-13,419478271.25049996,436782177.53947145,160736835.81651247,-0.10765364517144399
2025-12-14,94119612.5924,428540361.0257429,178303256.6213602,-1.8755728569978358
2025-12-15,327159246.015,430888525.2454571,176593081.13278413,-0.5873915249967289
2025-12-16,518000713.79099995,438973659.03811425,179494848.5156596,0.44027477894994393
2025-12-17,501524266.5298,432405566.6439857,175662004.324821,0.39347552791214424
2025-12-18,590638586.5860001,437781113.0383429,180477551.60120997,0.846961143873543
2025-12-19,645918137.638,442405547.7718142,186060260.30307734,1.0937993397121986
2025-12-20,538067948.0910001,459346930.1776,189000478.1941495,0.41651226846386286
2025-12-21,112518892.61340001,461975398.7520286,183110811.96301568,-1.9084427751279431
2025-12-22,174586260.75800002,440179258.0010286,209072968.15673578,-1.2703363786557114
2025-12-23,505546118.98209995,438400030.1711858,208352075.44553024,0.32227223399302424
2025-12-24,386544681.4182,421974375.1552429,207074550.5988427,-0.17109632079163334
2025-12-25,296054723.1096,379890966.08718574,196761389.48672792,-0.4260807630820309
2025-12-26,146459864.21580002,308539784.16972864,173384424.30378243,-0.9348009234667615
2025-12-27,351773228.0164,281926252.73050004,144106987.91235527,0.48468832981493104
2025-12-28,84754579.00539999,277959922.21507144,149815796.12112528,-1.2896193072555977
2025-12-29,112767997.16319999,269128741.70152855,158495513.3849231,-0.9865310455734477
2025-12-30,607645810.8385,283714411.96672857,186161401.27864268,1.7400567284456425
2025-12-31,333918235.279,276196348.2325571,182339936.4464155,0.31656195659257386
2026-01-01,340760625.6116,282582905.73284286,183927426.1692578,0.31630801936639685
2026-01-02,256803526.75000003,298346286.0948714,174819665.85089475,-0.2376320715559745
2026-01-03,568052441.061,329243316.52981424,202721516.6531635,1.1780156762528795
2026-01-04,189990943.00559998,344277082.8155571,184666574.19055653,-0.8354849299946944
2026-01-05,206560287.29160002,357675981.4053286,167691784.42682767,-0.9011514465675443
2026-01-06,583387987.9317,354210578.13292855,161812720.19938734,1.4163126948015992
2026-01-07,473458743.204,374144936.4079285,167395158.09674957,0.5932896024308597
2026-01-08,390538156.3941,381256012.234,166796826.2006978,0.055649405156734034
2026-01-09,437872513.2684001,407123010.3080572,158093001.7976995,0.19450261941190072
2026-01-10,407326485.42080003,384162159.50231427,141640235.77126372,0.16354340129660663
2026-01-11,71679418.34899999,367260513.1228,172392517.7158914,-1.7145819243786873
2026-01-12,133090527.29959999,356764833.12394285,185541992.36036113,-1.2055185081225215
2026-01-13,458365070.436,338904416.33884287,164967965.62110543,0.724144555261908
2026-01-14,754344978.3727,379031021.3629429,226016799.0720113,1.6605577928310462
2026-01-15,873133835.9380001,447973261.29778576,293608444.15090215,1.4480529532103648
2026-01-16,471024648.12700003,452709280.5633,293685728.5815611,0.062363832427810864
2026-01-17,321382737.9832,440431602.35792863,297668640.1720288,-0.39993754231526657
2026-01-18,83722280.3982,442152011.2221001,295206810.15354407,-1.2141648447658517
2026-01-19,167393583.46500003,447052447.81715715,289449897.04426223,-0.9661736528771061
2026-01-20,352308776.0736,431901548.6225286,291527299.2001773,-0.2730199633697982
2026-01-21,644789726.988,416250798.42471427,273729180.7304356,0.8349088977413317
2026-01-22,810394729.9812,407288069.00231427,256778439.3482301,1.5698617921429634
2026-01-23,331406616.83199996,387342635.9601714,256424746.1585837,-0.21813814760911682
2026-01-24,365068122.2,393583405.134,255079960.6913869,-0.11178958494705017
2026-01-25,79847822.62380001,393029911.1662286,255867372.1218964,-1.2240016612717124
2026-01-26,427921887.8388001,430248240.36248577,235732172.2350338,-0.00986862548980473
2026-01-27,457071977.5918,445214412.00794286,233272012.49797964,0.050831496915901206
2026-01-28,358726466.3004,404348231.9097143,216969481.9407105,-0.21026812250849616
2026-01-29,355853901.72150004,339413827.8726143,122757986.9991058,0.13392264121279107
2026-01-30,648592821.66,384726142.8480429,169101662.6096756,1.5604026284532773
2026-01-31,782144753.9583,444308518.8135143,225195075.3551647,1.5001937081082695
2026-02-01,882766304.3945999,559011159.0664856,212757174.84488755,1.521711996618449
2026-02-02,607519828.8008,584668007.7753428,205001816.86047348,0.111471309744588
2026-02-03,823312299.1002,636988053.7051144,213566191.89268538,0.8724426078108446
2026-02-04,1067449084.3156,738234141.993,227220489.47051412,1.448878765685968
2026-02-05,950786729.1913999,823224545.9172714,162365471.42762357,0.7856484642486995
2026-02-06,1781665338.1412,985092048.2717285,379227322.4870006,2.1005166100519483
2026-02-07,1557401070.6176002,1095842950.6516287,420984926.26766866,1.09637683243914
2026-02-08,625089545.9215,1059031985.1554716,452786121.23295724,-0.9583828189175202
2026-02-09,391512564.19079995,1028173804.4969,494156687.08099455,-1.2883792872800854
2026-02-10,561508498.2442,990773261.5174714,521402220.8879973,-0.82328909635673
2026-02-11,484588072.88500005,907507402.7416714,552716548.2727166,-0.7651649496985897
2026-02-12,681549461.6711999,869044935.9530715,558540040.0421402,-0.33568851083214296
2026-02-13,483851177.4546,683642912.9978429,397215877.54993206,-0.5029802352705
2026-02-14,443910812.1668,524572876.07629997,102938449.16973747,-0.7835950955166858
2026-02-15,296202785.418,477589053.1472286,122593424.22286451,-1.479575832709295
2026-02-16,284801069.61840004,462344553.9226,140419708.5656078,-1.2643772453155815
2026-02-17,314292272.23779994,427027950.20739996,142396933.5430159,-0.7917001803662038
2026-02-18,394296895.551,414129210.58825713,140389239.80885398,-0.14126663171806964
2026-02-19,371091597.642,369778087.1555143,76184340.38049977,0.017241213613262803
2026-02-20,331734514.116,348047135.25,57667619.36514934,-0.2828731498470408
2026-02-21,494305197.3,355246333.12617147,72792058.80640818,1.9103576194164003
2026-02-22,186729390.66300002,339607276.73260003,95735627.0575844,-1.596875591337015
2026-02-23,163431974.79,322268834.61425716,116133204.68276748,-1.3677127076458462
2026-02-24,591998779.1256,361941192.7410857,154161642.87454903,1.4923140548763256
2026-02-25,469310089.39320004,372657363.2899714,159306940.15433386,0.6067075672258415
2026-02-26,660212921.4643999,413960409.55031425,192793656.1414271,1.2772853466373548
2026-02-27,418172789.22319996,426308734.5656286,189387451.81858435,-0.04295926295170869
2026-02-28,444137571.0468,419141930.81517136,187323449.48952264,0.13343572467699358
2026-03-01,624561084.6463999,481689315.6699428,168985532.34299794,0.8454674610040785
2026-03-02,466877404.9863,525038662.8408428,97565496.99270682,-0.5961252660752647
2026-03-03,699804565.6248,540439489.4835857,116557083.72200271,1.3672706201307487
2026-03-04,578896595.9712001,556094704.7090143,112707053.70603296,0.20231112882835722
2026-03-05,893049040.0515,589357007.3643143,168903441.51359203,1.7980215794640684
2026-03-06,596589351.9684,614845087.7564857,151311494.33324352,-0.12065002641425152
2026-03-07,473502557.21669996,619040085.7807571,146107539.46060428,-0.9960986893718728
2026-03-08,198649481.22599998,558195571.0064143,215587519.9874197,-1.6677500154062497
2026-03-09,359139973.12,542804509.3112286,226750157.2178295,-0.8099863675719073
2026-03-10,503943890.1376,514824412.8130571,215976361.44943702,-0.05037830345153026
2026-03-11,622027394.8086,520985955.5041143,218706887.05257893,0.4619947760501684
2026-03-12,527912852.9135,468823643.0558286,146950620.8507442,0.4021024852810086
2026-03-13,491343281.4444,453788490.12382853,136728183.380942,0.27466752202754785
2026-03-14,632150234.0224,476452443.9532142,152750483.03625113,1.0192949113767136
2026-03-15,158373162.8864,470698684.1904143,165209192.18320128,-1.8904851308616957
2026-03-16,260820420.5936,456653033.8295001,179808713.4277472,-1.0891163698504065
2026-03-17,565816547.61,465491984.89698565,183992934.10617173,0.5452631276325146
2026-03-18,529923220.83839995,452334245.75838566,173952371.69986764,0.4460357414033081
2026-03-19,444021952.85660005,440349831.46454287,170737689.04963857,0.02150738605223586
2026-03-20,449371281.7355,434353831.5061286,169380017.16441274,0.08866128650107719
2026-03-21,341017424.67329997,392763430.17054284,146979294.96871322,-0.35206323113917365
2026-03-22,164502884.701,393639104.7154857,145359434.09135896,-1.5763422680255668
2026-03-23,248343508.54200003,391856688.7081142,147322751.60563675,-0.9741413230610824
2026-03-24,478463623.37119997,379377699.53114283,133149421.87279439,0.7441708904655993
2026-03-25,403872210.9625,361370412.4060143,116932175.24680418,0.3634739409130016
2026-03-26,316572383.937,343163331.1317857,111724291.00533414,-0.23800506546527256
2026-03-27,398280929.487,335864709.38199997,105102200.2027457,0.5938621644893923
2026-03-28,409991559.457,345718157.20824283,108832777.93130231,0.5905702626586266
2026-03-29,145667457.243,343027381.85709995,114162214.25106917,-1.7287674902666106
2026-03-30,198174221.924,335860340.91167146,122376402.76451887,-1.1251034993454752
2026-03-31,381316904.7702,321982238.25438565,108196037.0635419,0.5483996283613235
2026-04-01,379151566.7318,318450717.65000004,105446161.33482563,0.5756572673049252
2026-04-02,288661389.852,314463432.78071433,106054973.53591202,-0.24328932504025683
2026-04-03,270996297.8544,296279913.9760571,100029563.16507742,-0.25276143693571795
2026-04-04,151181420.99499997,259307037.0529143,98817812.15411112,-1.0941915602147438
2026-04-05,90329597.5164,251401628.52054283,110899137.7919954,-1.4524191460014115
2026-04-06,133101934.5705,242105587.47004288,118566759.46433449,-0.9193441179636166
2026-04-07,246133210.75319996,222793631.18190002,101959328.48803036,0.22891068347944168
2026-04-08,298684291.454,211298306.1422143,84420395.26195975,1.035128833981689
2026-04-09,268222646.349,208378485.6417857,81605223.62949634,0.7333373777506998
2026-04-10,266257700.9625,207701543.22865716,81016747.79981522,0.7227660863224183
2026-04-11,329271676.64350003,233143008.3213,87973648.17861344,1.0926984422315806
2026-04-12,155077170.06649998,242392661.54274288,72498148.07612146,-1.204382371044341
2026-04-13,188648019.5036,250327816.53318572,60606855.49718652,-1.0177033030933111
2026-04-14,465104590.3593,281609442.1912,101078214.54232687,1.8153778140912922
2026-04-15,568077362.6633999,320094166.64968574,148719889.72348186,1.667451451684067
2026-04-16,233478131.8926,315130664.58448565,151297092.93619692,-0.5396834209254708
2026-04-17,301429154.0052,320155157.8763,149981836.71962142,-0.12485514433395463
2026-04-18,455390781.67309994,338172172.88052857,158587820.72634366,0.739140044019154
2026-04-19,117632650.734,332822955.8330285,166239878.4930914,-1.2944565831595658
