timestamp,market_cap,tx_volume,tx_volume_smooth,nvt_ratio,nvt_signal,nvt_overvalued,nvt_undervalued
2024-04-19,1261783551125.0,9479933431.70449,,,,False,False
2024-04-20,1276756261875.0,1849550188.3816292,,,,False,False
2024-04-21,1277392739990.625,2437952939.1959405,,,,False,False
2024-04-22,1304746525578.125,7335530723.912101,,,,False,False
2024-04-23,1316442735309.375,7265789225.50074,,,,False,False
2024-04-24,1275889117500.0,7652433880.532315,,,,False,False
2024-04-25,1278035056750.0,6784884049.382103,,,,False,False
2024-04-26,1259669952450.0,7554163013.008273,,,,False,False
2024-04-27,1250952715450.0,3253300158.0688977,,,,False,False
2024-04-28,1258027666150.0,3545588645.6945586,,,,False,False
2024-04-29,1243875286346.875,5796728920.506398,,,,False,False
2024-04-30,1199356866906.25,9309712608.562164,,,,False,False
2024-05-01,1142863305468.75,8725783357.945253,,,,False,False
2024-05-02,1170961202437.5,8551356016.181779,,,,False,False
2024-05-03,1237766185378.125,5447644455.234284,,,,False,False
2024-05-04,1255417508918.75,2535276294.7820964,,,,False,False
2024-05-05,1262729957287.5,1613446518.3047206,,,,False,False
2024-05-06,1249284518100.0,5491391681.421094,,,,False,False
2024-05-07,1245668046159.375,4764574677.705591,,,,False,False
2024-05-08,1210319884596.875,4826242476.1033,,,,False,False
2024-05-09,1231891988140.625,4649344428.186168,,,,False,False
2024-05-10,1205011791131.25,4160729596.332065,,,,False,False
2024-05-11,1200086163684.375,1989012570.1560533,,,,False,False
2024-05-12,1210668787003.125,1881158872.1569226,,,,False,False
2024-05-13,1244179839390.625,5759327016.077168,,,,False,False
2024-05-14,1209279979906.25,5418457538.779011,,,,False,False
2024-05-15,1283273236546.875,8003836077.364244,,,,False,False
2024-05-16,1297798671759.375,7101103820.324476,5470866185.053709,237.2199625911037,,False,False
2024-05-17,1318976643037.5,7835288947.482639,5412128882.045785,243.7075449945543,,False,False
2024-05-18,1318570230637.5,2349266373.133145,5429975888.644053,242.8316916461975,,False,False
2024-05-19,1314341893800.0,3000326237.631906,5450060649.302481,241.16096652396234,,False,False
2024-05-20,1406859344656.25,7022731812.543269,5438889259.610738,258.6666647367884,,False,False
2024-05-21,1371287419668.75,11045188897.642183,5573867819.330073,246.02079993952313,,False,False
2024-05-22,1371591523362.5,8214273488.198978,5593933519.603884,245.19267498545904,,False,False
2024-05-23,1331716958046.875,9092947802.681757,5676364367.936014,234.60737749136095,,False,False
2024-05-24,1354954317581.25,8162826585.536556,5698102352.6691675,237.79044912146014,,False,False
2024-05-25,1366738913406.25,2016644986.3119543,5653936096.53499,241.7322888109497,,False,False
2024-05-26,1356107235700.0,3376577962.077557,5647900000.691526,240.10822350501226,,False,False
2024-05-27,1383681499025.0,3759980652.3522434,5575158991.114593,248.1869129167871,,False,False
2024-05-28,1348280593725.0,25126148317.408638,6140031695.001966,219.5885397175573,,False,False
2024-05-29,1329056202856.25,6388638321.04567,6056562229.398409,219.44069135540997,,False,False
2024-05-30,1345497941250.0,8488992411.997545,6054334957.820402,222.23711615295028,,False,False
2024-05-31,1325320354462.5,9197804710.416952,6188269252.648354,214.16656262901154,,False,False
2024-06-01,1336304122187.5,2035171781.513369,6170408377.174471,216.56656099631044,,False,False
2024-06-02,1332173070506.25,1639206773.6388125,6171328386.293546,215.86488145161618,,False,False
2024-06-03,1372206119418.75,10231630580.222765,6340622632.679319,216.41504295594785,,False,False
2024-06-04,1358891794650.0,8099405366.314405,6459723728.701062,210.36376348609718,,False,False
2024-06-05,1401075424040.625,9970731483.523262,6643455478.966063,210.89558415444938,,False,False
2024-06-06,1402483462221.875,7566456857.2989645,6747638065.72009,207.84805713674652,,False,False
2024-06-07,1366044435406.25,9046106615.578749,6922115816.407471,197.34492626782102,,False,False
2024-06-08,1369087727728.125,3010368337.856259,6958592808.111051,196.7477858644486,,False,False
2024-06-09,1374234346518.75,1356745169.9412165,6939863747.317632,198.02036416779993,,False,False
2024-06-10,1372488281600.0,7071634843.4280405,6986731884.008735,196.44209973784135,,False,False
2024-06-11,1322805000281.25,8300820379.970086,7089673414.051272,186.5819372807126,,False,False
2024-06-12,1372149759262.5,7993241570.379265,7089295038.80181,193.55235629950766,,False,False
2024-06-13,1327037799600.0,5447481273.682415,7030237090.70745,188.76145746977372,,False,False
2024-06-14,1323063361546.875,7752072910.629316,7027265089.39126,188.2757153340128,,False,False
2024-06-15,1307123000615.625,2182888818.589143,7021323033.871832,186.1647718399913,,False,False
2024-06-16,1313136094725.0,1577243596.909229,6970498653.846022,188.38481433469153,,False,False
2024-06-17,1287968954906.25,6504943989.828709,6952006231.6062155,185.2657940740472,,False,False
2024-06-18,1284715882340.625,8142461537.978515,6848337397.332513,187.59529617232835,,False,False
2024-06-19,1284761663750.0,4194286630.621904,6704766438.133332,191.61915267367453,,False,False
2024-06-20,1284926143359.375,6897447731.90798,6626355721.3199835,193.9114344895772,,False,False
2024-06-21,1262792086196.875,5839766773.132086,6543389299.448395,192.98746084133003,,False,False
2024-06-22,1269284695306.25,5441303997.531913,6665698549.849107,190.42035666839197,,False,False
2024-06-23,1266747539246.875,1479938986.0844269,6597961443.563639,191.99074594208136,,False,False
2024-06-24,1209063069881.25,9211986161.082127,6792675926.018277,177.99510576533234,,False,False
2024-06-25,1222357158609.375,7946145283.243041,6179104389.083792,197.82108888932694,,False,False
2024-06-26,1214830951787.5,6539916736.601309,6184507189.639351,196.4313266257748,,False,False
2024-06-27,1220297720600.0,10565765822.368536,6258677668.581171,194.97692407550346,,False,False
2024-06-28,1205810424000.0,8362849210.30259,6228857829.291372,193.58451533917565,,False,False
2024-06-29,1205610489000.0,2587218662.591855,6248573789.329889,192.9417063232428,,False,False
2024-07-01,1249338623734.375,7238212215.877723,6448538269.409851,193.73981692268228,,False,False
2024-07-02,1223096854971.875,5251483422.359735,6270675870.914742,195.05024341075602,,False,False
2024-07-03,1189715593634.375,5633224518.403391,6182597983.489349,192.42971915876058,,False,False
2024-07-04,1131563190078.125,8872506195.657322,6143375651.779851,184.19241378317633,,False,False
2024-07-05,1098493868446.875,17072634339.062922,6482881990.414278,169.4452976424884,,False,False
2024-07-06,1143237831150.0,3146711262.5946255,6272189299.236275,182.2709386799287,,False,False
2024-07-07,1126418192831.25,2278555072.733085,6246053111.196161,180.34079646427043,,False,False
2024-07-08,1121068115503.125,10703012141.302937,6579848360.173365,170.37902002252028,,False,False
2024-07-09,1141445274928.125,7917211325.057808,6610047520.231572,172.68336898251775,,False,False
2024-07-10,1142020687115.625,8254401496.318952,6608389702.958316,172.81376227016202,,False,False
2024-07-11,1135061523859.375,7191349803.164905,6579750711.272089,172.50828696516515,,False,False
2024-07-12,1143696192918.75,7362339048.252724,6648138488.935315,172.03254637704012,,False,False
2024-07-13,1159854870087.5,2761173151.654501,6469892068.971929,179.26958560095454,,False,False
2024-07-14,1208119648018.75,1663806010.8954782,6451353397.268583,187.2660779256414,,False,False
2024-07-15,1257262112075.0,8843917880.771624,6710877478.835097,187.34690300041672,,False,False
2024-07-16,1274568012262.5,12446978850.299572,6923093009.566199,184.1038406534949,,False,False
2024-07-17,1271352010906.25,7739487792.722873,6908701090.092784,184.02185799142393,,False,False
2024-07-18,1259541293456.25,6732472480.378525,6999350584.726949,179.95116521304897,,False,False
2024-07-19,1326819432225.0,8528315185.2865925,7057595850.919043,187.99878319076902,,False,False
2024-07-20,1326642982500.0,3598982164.152902,6977567829.169785,190.12971496370943,,False,False
2024-07-21,1327400060056.25,2500846849.1716294,6872551502.442633,193.14516007402307,,False,False
2024-07-22,1346282957703.125,9717578991.658886,7166752931.213149,187.85117481024054,,False,False
2024-07-23,1301872155600.0,14515028690.791712,7356147307.274206,176.97744501563062,,False,False
2024-07-24,1296058520925.0,8943563782.017931,7391769396.516166,175.33806202556167,,False,False
2024-07-25,1281148488265.625,7867610940.380128,7439187046.651123,172.21619516105,,False,False
2024-07-26,1333397264925.0,7332170770.1329155,7323701509.0712805,182.06603085522096,,False,False
2024-07-27,1362272370075.0,4232975746.9635262,7176206028.237741,189.83183658810486,,False,False
2024-07-28,1338661296334.375,2767696675.7889442,7182651671.566209,186.3742469419339,,False,False
2024-07-29,1332762809812.5,9902659739.016802,7277810511.67832,183.1268906594759,,False,False
2024-07-30,1312661818375.0,15119384835.083057,7630235562.132724,172.0342455597922,,False,False
2024-07-31,1281877315118.75,9602772099.094246,7772005118.585969,164.93521241426737,,False,False
2024-08-01,1247388331621.875,8155277551.651909,7746389809.8714905,161.0283451050043,,False,False
2024-08-02,1246604490600.0,9809266028.523855,7486983798.780808,166.50289677439918,,False,False
2024-08-03,1192891141750.0,2308110370.827175,7457033766.931971,159.96858523557262,,False,False
2024-08-04,1150010416146.875,3460899185.172749,7499260342.376245,153.34984567057694,,False,False
2024-08-05,1083159555806.25,13237735958.448278,7589786192.988579,142.71278903836176,,False,False
2024-08-06,1114838939818.75,6808433062.101782,7550186969.311577,147.6571301280504,,False,False
2024-08-07,1094671324459.375,7893851552.6037655,7537310185.607463,145.23368383454036,,False,False
2024-08-08,1230842247496.875,6532994035.445488,7513797479.617484,163.81094258073287,,False,False
2024-08-09,1189417870959.375,7901052207.058065,7533037235.2891035,157.89353401672486,,False,False
2024-08-10,1205449632750.0,3834508484.859348,7571370640.046419,159.21154703141167,,False,False
2024-08-11,1189722681193.75,1565215178.617859,7567849538.893647,157.20749667119796,,False,False
2024-08-12,1150111117350.0,6152997429.581423,7471745237.065427,153.92804235944655,,False,False
2024-08-13,1195843382390.625,7149997426.564984,7282567329.074904,164.20629269246064,,False,False
2024-08-14,1165547008390.625,6988791297.667786,7255756739.965795,160.63755307156558,,False,False
2024-08-15,1172756309681.25,5391558140.144841,7207866942.1003065,162.70504423872168,191.8280644126224,False,False
2024-08-16,1153098514375.0,4199825226.3043375,7053278014.993797,163.48405832348493,191.01777975034085,False,False
2024-08-17,1172973649731.25,1860988054.6251378,6991206796.796378,167.7784227851404,190.18339379199568,False,False
2024-08-18,1179018846443.75,1842005986.3217332,6967676765.9803095,169.21262079784054,189.37439301344227,False,False
2024-08-19,1160129722612.5,6312008781.440564,6846049258.472512,169.45973930537386,188.58646743961162,False,False
2024-08-20,1195472711659.375,5274305723.816394,6516023438.223393,183.46660704850427,187.7600931793008,False,False
2024-08-21,1205657040228.125,5478969193.046639,6392287917.188705,188.6111914618462,187.1292183608648,False,False
2024-08-22,1189610189346.875,5779831062.841158,6317724350.133742,188.29726075682484,186.503994028682,False,False
2024-08-23,1258987916671.875,7779554833.467165,6333702352.3956785,198.77598387547712,186.11024245048552,False,False
2024-08-24,1265983260956.25,8091891894.064949,6471520786.220731,195.62376491964648,185.6468722944216,False,False
2024-08-25,1270985046531.25,1702032825.6541271,6433461363.00163,197.55851085709364,185.16144616306053,False,False
2024-08-26,1264869978046.875,6102368262.378635,6297736667.407409,200.8451678510058,184.72998401301652,False,False
2024-08-27,1179329476718.75,9613387187.807987,6101093894.290442,193.29803755723154,184.12680955851593,False,False
2024-08-28,1161404262400.0,6632252546.814547,5995003910.280454,193.72869138723684,183.84263540103987,False,False
2024-08-29,1207635491912.5,6395977330.5875435,5932171759.528153,203.57392551434748,183.66827533685236,False,False
2024-08-30,1149701913140.625,7346359988.724018,5844210829.535303,196.72492089612763,183.38792154282135,False,False
2024-08-31,1168951643162.5,2193027465.921187,5840100725.78866,200.15950033201563,183.2339977813159,False,False
2024-09-01,1155805096162.5,2648012585.459729,5811069061.513196,198.89715367821316,183.03982847012801,False,False
2024-09-02,1155552208890.625,3100686678.1579823,5449031587.217113,212.06561026392944,182.99807823729628,False,False
2024-09-03,1144764732828.125,6012689752.026111,5420612183.28584,211.18735193009087,182.940631083166,False,False
2024-09-04,1148324921500.0,5799794944.180726,5345824447.270731,214.8078248409875,182.98946692223075,False,False
2024-09-05,1107445955475.0,6158660147.1760235,5332455379.832536,207.68030421096162,182.95413417559902,False,False
2024-09-06,1090601651584.375,7064283321.400344,5302570776.773332,205.6741338298585,182.93024490849035,False,False
2024-09-07,1075288365412.5,1519336722.3506465,5219886070.96945,205.9984357499195,183.02533841928263,False,False
2024-09-08,1077937259765.625,1783924507.5377305,5227697118.430873,206.19734375299365,183.12917971476114,False,False
2024-09-09,1134935375221.875,6363322710.944949,5235208735.622428,216.78894434510823,183.33542784857775,False,False
2024-09-10,1137625125037.5,5660821108.553659,5182023867.122024,219.5329767304431,183.58917374959532,False,False
2024-09-11,1136462989012.5,4996530777.753266,5110871705.696505,222.36186984420183,183.98235982172156,True,False
2024-09-12,1156199972687.5,5069102731.029143,5099355441.085229,226.73453263760746,184.34699912214026,True,False
2024-09-13,1182416787543.75,7391259643.194124,5213335241.6884365,226.80620614775623,184.76507328343675,True,False
2024-09-14,1187122639500.0,2251848613.999916,5227294547.380393,227.100774356577,185.19172228368473,True,False
2024-09-15,1190504942500.0,1557392812.0248942,5217129791.155505,228.1915517068866,185.65355502947477,True,False
2024-09-16,1152362581700.0,5636920631.973337,5193019500.103105,221.90607635444474,186.02192054617535,False,False
2024-09-17,1191158814609.375,5979868415.488911,5218218167.662837,228.26926286657684,186.49448613730206,True,False
2024-09-18,1186935410750.0,7033415665.476531,5273734113.106763,225.06546316017722,186.90624621409162,True,False
2024-09-19,1245932241968.75,8246322622.468619,5361823097.379171,232.37100876710286,187.35406880852486,True,False
2024-09-20,1244060822968.75,11383528905.333433,5490536457.088681,226.5827451819534,187.7130942007488,True,False
2024-09-21,1251139301962.5,1936753345.683346,5270710080.360766,237.37585313682493,188.20087873146855,True,False
2024-09-22,1245889374856.25,1568648134.041071,5265946341.374587,236.5936327659259,188.70827736990296,True,False
2024-09-23,1257492738843.75,7000723222.757288,5298030447.102395,237.35098380408505,189.20674152223268,True,False
2024-09-24,1278633832781.25,8567453178.705362,5260675661.063016,243.05505892429008,189.921686062441,True,False
2024-09-25,1257418866887.5,8162704768.430984,5315334668.977888,236.56438309072556,190.34743654817066,True,False
2024-09-26,1284416012378.125,7108680538.140987,5340788354.96194,240.49183884712807,190.83161800115255,True,False
2024-09-27,1301654389068.75,8554437526.620602,5383933981.31539,241.76640976394978,191.34578817355305,True,False
2024-09-28,1301443822575.0,2366097260.4524183,5390115045.405791,241.45010108536962,191.87178362131345,True,False
2024-09-29,1301094716687.5,1655558348.2101824,5354670251.218307,242.9831634154264,192.42168974320558,True,False
2024-09-30,1268100485550.0,10834329687.749815,5630871787.275157,225.2050008340979,192.76746099497936,False,False
2024-10-01,1202431983584.375,8154719864.648614,5707372862.725962,210.6804676171215,192.93922170054387,False,False
2024-10-02,1230518508156.25,7829105602.861956,5779848243.393148,212.8980651979636,193.1641485800955,False,False
2024-10-03,1205497312425.0,7480735068.698743,5827065204.876103,206.87898110634436,193.41345151771273,False,False
2024-10-04,1230641037031.25,5461339204.431516,5769817200.698645,213.28943261534118,193.8952551987331,False,False
2024-10-05,1224788850887.5,2730371658.884799,5813068448.432007,210.69575590802987,194.20761582761335,False,False
2024-10-06,1243490801537.5,3005253704.35666,5856687348.3183975,212.31981964933428,194.55903366481184,False,False
2024-10-07,1270218258362.5,7813362740.240367,5908474492.221805,214.9824392124694,195.04918112843765,False,False
2024-10-08,1227959725850.0,10877241078.803791,6094775205.4450245,201.47744329486514,195.36559952747444,False,False
2024-10-09,1223003697037.5,6720634380.632039,6156350334.119266,198.6572613094255,195.6495940224114,False,False
2024-10-10,1192648417640.625,7011381420.420207,6225717430.168947,191.56802906942406,195.8590417378428,False,False
2024-10-11,1235577702259.375,6860121248.392112,6206748201.78316,199.07005441342073,196.1561572107701,False,False
2024-10-12,1247956953906.25,1843902651.0940166,6192178703.107949,201.53761926797773,196.40086087744066,False,False
2024-10-13,1237920704296.875,1597337887.2848842,6193605312.938664,199.87077667199975,196.53937405047756,False,False
2024-10-14,1300174149259.375,6678664097.609112,6230810436.71137,208.66854520222068,196.77367781093693,False,False
2024-10-15,1321879556834.375,11549587821.736782,6429728986.934509,205.58868958870463,197.0097750519832,False,False
2024-10-16,1341852818681.25,11139283532.797909,6576367125.053129,204.041652962069,197.22977279891336,False,False
2024-10-17,1337274216390.625,8730955014.1011,6593675424.754289,202.81165362950182,197.48098695733592,False,False
2024-10-18,1352958641665.625,10874397499.760347,6575492160.269536,205.75777579668895,197.67614072223617,False,False
2024-10-19,1347523413000.0,3014354207.8432803,6613977905.346677,203.7387230929022,197.82569026211738,False,False
2024-10-20,1358656261612.5,4380035792.252007,6714384607.425638,202.35007987328004,197.9268432269444,False,False
2024-10-21,1334503801725.0,8678261147.398464,6774296676.162825,196.99518127406623,198.027326814459,False,False
2024-10-22,1335691054050.0,9459984977.844603,6806172811.846368,196.24700855746502,198.23908025997363,False,False
2024-10-23,1309243351712.5,6752263402.2640505,6755799905.911835,193.79546018922397,198.44190881122267,False,False
2024-10-24,1336021912625.0,8861423494.225447,6818397868.629136,195.94367157304245,198.70265031025556,False,False
2024-10-25,1317218773712.5,8170259000.293865,6804677206.97461,193.57549721276806,198.82912796253626,False,False
2024-10-26,1329880841275.0,2589025948.7554045,6812638945.842574,195.20788520380378,198.88820541985166,False,False
2024-10-27,1339913506137.5,1623405982.1370733,6811490647.054248,196.7136968347699,199.00182574834437,False,False
2024-10-28,1375390356450.0,10966185038.036318,6816199766.707338,201.78257731938535,199.20683329405765,False,False
2024-10-29,1426912047843.75,14125800889.231539,7029452660.442443,202.9904911193951,199.54701181669066,False,False
2024-10-30,1427212423209.375,13795094906.86094,7242523707.013835,197.06009685922436,199.900032524877,False,False
2024-10-31,1399891321312.5,13376076760.901299,7453071624.592498,187.8274343551663,200.19452801114247,False,False
2024-11-01,1369992714893.75,12445252914.96622,7702497114.254451,177.86345058908287,200.31936926185332,False,False
2024-11-02,1371345689087.5,2325736060.7382245,7688045842.892074,178.373765858247,200.52162399397062,False,False
2024-11-03,1352605254550.0,2585993578.693979,7673072266.975549,176.27948851355583,200.7735980911462,False,False
2024-11-04,1358368128037.5,10004272909.175388,7751319058.723228,175.24348020596716,201.13107821386714,False,False
2024-11-05,1370513838956.25,11232629934.277601,7764011517.847293,176.52135572001944,201.44826750608658,False,False
2024-11-06,1487156458531.25,16624459226.55678,8117719548.058891,183.19879736259907,201.86546655584547,False,False
2024-11-07,1477811499800.0,14663670061.258778,8391015570.945983,176.118312176293,202.0007123755769,False,False
2024-11-08,1515378564865.625,16280514071.904945,8727458171.785727,173.63343771323548,202.17367835026383,False,False
2024-11-09,1509435872493.75,4379578541.9617,8818018025.031002,171.17631969100484,202.30515936850114,False,False
2024-11-10,1596599811150.0,8805260115.054148,9075443818.879904,175.92525974636612,202.5108490726238,False,False
2024-11-11,1672966445937.5,15659527002.602785,9396188922.629679,178.04734022624277,202.7758963019293,False,False
2024-11-12,1701030593625.0,26270558367.128586,9921937870.679386,171.44136718007135,202.85540261497997,False,False
2024-11-13,1789448065256.25,21257021379.190033,10283285650.907675,174.01520545121693,203.00240978398713,False,False
2024-11-14,1729900055381.25,24187597707.2619,10835308604.234846,159.65397189565417,202.9688815164809,False,True
2024-11-15,1788353537500.0,19113942083.20821,11129578053.643698,160.68475632052497,202.93811995600882,False,True
2024-11-16,1790011909393.75,5256303046.01382,11209647655.006933,159.68493965947434,202.8491805810015,False,True
2024-11-17,1764386992500.0,3315738679.512714,11171637043.837673,157.9345073221157,202.72524526808144,False,True
2024-11-19,1822861031125.0,17907534161.0051,11501253937.180767,158.49237318655594,202.60472476128123,False,True
2024-11-20,1858174673850.0,19928511810.876366,11875129895.503328,156.4761556464003,202.30812639422516,False,True
2024-11-21,1920694771100.0,24042155708.5233,12492626049.298304,153.74627908660432,201.92499548900273,False,True
2024-11-22,1958781852850.0,18925420304.096355,12852054506.79369,152.41001754346541,201.5306301789658,False,True
2024-11-23,1934464606846.875,11273319452.938,12962878094.388126,149.2311038305869,200.98618094770322,False,True
2024-11-24,1904704675190.625,8444664449.542644,13172008040.844812,144.6024531175782,200.42550719163657,False,True
2024-11-25,1921918537003.125,19031989883.548634,13793743180.180939,139.33263160681193,199.78566236471042,False,True
2024-11-26,1825313318025.0,21331421147.908745,14163930184.104954,128.87053905937796,198.99473237798924,False,True
2024-11-27,1906522046393.75,12555140763.385523,14107835179.610455,135.13923448362777,198.35562465190566,False,True
2024-11-28,1880023959046.875,9708469422.03239,13961884269.438005,134.6540282648074,197.70645252968114,False,True
2024-11-29,1920827778187.5,12049106760.35298,13914492483.704136,138.0451195354099,196.98635576068185,False,True
2024-11-30,1913307019962.5,4308785753.686624,13623904370.801296,140.43749632176608,196.36781263349107,False,True
2024-12-01,1929514350531.25,4169328992.6346917,13689746975.511885,140.94594691799276,195.71711424432598,False,True
2024-12-02,1895691815325.0,16936998791.826956,14202282875.980917,133.47796490738952,194.99822206003122,False,True
2024-12-03,1900677853962.5,13405989744.175869,14323772762.94522,132.6939407248518,194.12600591125013,False,True
2024-12-04,1956567589565.625,13935666799.866549,14420309793.859114,135.68138393246093,193.29626999918824,False,True
2024-12-05,2000564936125.0,22269535612.85755,14621919664.798426,136.8195819692037,192.43925634125657,False,True
2024-12-06,1966523032906.25,17888033885.907677,14737075515.678743,133.44052086956265,191.62343454629615,False,True
2024-12-07,1971352608750.0,5418124415.8528185,14349133027.962597,137.38478867736222,190.873002181983,False,True
2024-12-08,1989622516000.0,3771799971.244733,14327426650.436987,138.8680999416819,190.13530618409024,False,True
2024-12-09,1946334621984.375,16893586741.251682,14616295458.515472,133.1619648431804,189.33271960266376,False,True
2024-12-10,1915079637721.875,12979843425.395798,14520592473.615223,131.88715551391502,188.39973291221108,False,True
2024-12-11,1998474174000.0,21037350757.179394,14333692201.831324,139.42493991496957,187.51942481533774,False,True
2024-12-12,2001087922625.0,17239165427.918285,14190197346.42876,141.01903403962262,186.6255474988039,False,True
2024-12-13,2004711804875.0,17652553064.867294,13956802894.914669,143.6368930599028,185.7123866243236,False,True
2024-12-14,2007127846375.0,5353586265.646702,13465361615.716043,149.05859223508625,184.85801724066795,False,False
2024-12-15,2032508259218.75,6822123118.7715025,13521283761.171675,150.3191779064198,184.01426343352333,False,False
2024-12-16,2095722660062.5,19489912898.92708,14098932840.436474,148.64406290750307,183.1401152049587,False,False
2024-12-17,2102298184218.75,16038288677.469349,14032174073.16734,149.81984781950612,182.34795884743193,False,False
2024-12-18,2069872078593.75,16000954252.851433,13891904160.380735,148.99844216439087,181.47685092762765,False,False
2024-12-19,2002204291218.75,19125758841.63413,13716318557.991835,145.97242567337156,180.6076966695309,False,False
2024-12-20,1937107634568.75,16133797899.628603,13616617757.832273,142.26055757895725,179.61747193119962,False,True
2024-12-21,1925346976512.5,6882358327.448823,13459797717.63623,143.04427279688895,178.69946674015495,False,False
2024-12-22,1892677006084.375,3340023325.9010005,13277489106.077602,142.5478108822568,177.6574003417531,False,False
2024-12-23,1858283091225.0,12473533243.122515,13043258511.776669,142.47077059364952,176.6230831750248,False,False
2024-12-24,1886496805781.25,11564062010.09304,12694424256.854677,148.60829980237884,175.64788884533573,False,False
2024-12-25,1963858255850.0,5466163116.674572,12441246483.75786,157.850602703984,174.71157613961807,False,False
2024-12-26,1898018170600.0,8493106621.658707,12397840669.4588,153.09264098510582,173.79430424834752,False,False
2024-12-27,1872452885546.875,9580652001.738985,12309681570.93687,152.11221141314752,172.82309955127081,False,False
2024-12-28,1876411575065.625,2677566056.8358884,12251423724.620773,153.15865463821487,171.84938795648253,False,False
2024-12-29,1864745375281.25,5228175703.420922,12289239678.577423,151.73805898926932,170.86354134004185,False,False
2024-12-30,1824800065012.5,13470587113.382612,12165439261.490126,149.99869924869307,169.8417340415063,False,False
2024-12-31,1876445512200.0,13251695752.866476,12159928761.800505,154.31385733892714,169.06271048661435,False,False
2025-01-01,1878502603381.25,6553323746.3020735,11896273652.744629,157.90680831790166,168.48278016464488,False,False
2025-01-02,1931736119868.75,6110103532.896917,11319151078.460321,170.6608655082562,168.01863511310964,False,False
2025-01-03,1924506643125.0,8269717281.335514,10975639771.154173,175.34345908317135,167.6720909150528,False,False
2025-01-04,1953184572284.375,2758643852.77057,10880658322.472662,179.50977913260198,167.300885931726,False,False
2025-01-05,1939419432000.0,2386538450.1449366,10831184696.7191,179.05884594392282,166.95322758047206,False,False
2025-01-06,1962988796250.0,10720151138.280603,10610704853.755846,185.00079149361747,166.65301847985978,False,False
2025-01-07,1997928937812.5,12571059044.880728,10596105411.594593,188.55313912093618,166.36258661072208,False,False
2025-01-08,1888929720843.75,12232111996.713434,10281632598.72081,183.7188503583333,166.16743723779314,False,False
2025-01-09,1834733202893.75,7267610310.966393,9925505630.258244,184.85035133127153,166.01571295231895,False,False
2025-01-10,1881775816625.0,8226023524.658946,9588843860.965086,196.24637171176187,166.06712331102594,False,False
2025-01-11,1868522128200.0,2717776436.9154506,9494707795.653257,196.79616986795764,166.04213556876812,False,False
2025-01-12,1862041631250.0,2524860229.613659,9341234121.040478,199.3357202187965,166.01793887591995,True,False
2025-01-13,1871706781100.0,7428143322.801004,8910456636.178831,210.057335726249,166.12987908530732,True,False
2025-01-14,1919447778887.5,8476643246.566211,8640397870.789434,222.1480778537492,166.27800581774167,True,False
2025-01-15,1965368144650.0,9736046043.950031,8416651149.042955,233.50951700944373,166.58482809709045,True,False
2025-01-16,1967527602843.75,15219278220.789003,8277133984.012773,237.70638564556475,166.9547702144915,True,False
2025-01-17,2065555461125.0,13726669241.249104,8191165103.356361,252.16870067466112,167.4971553468559,True,False
2025-01-18,2065399045312.5,5389522873.899006,8137849551.443869,253.8015764798753,168.0251092005173,True,False
2025-01-19,2079903783625.0,5860881893.009443,8227880214.554884,252.787319380964,168.5641047641224,True,False
2025-01-20,2066077480500.0,11266460830.38323,8184770485.528481,252.4294950179774,169.1144280074707,True,False
2025-01-21,2056212598750.0,14016792182.76418,8272367991.695307,248.56396630496218,169.68111795286515,True,False
2025-01-22,2061822727250.0,13577736341.160229,8562067035.426938,240.80899141747838,170.17081007220597,True,False
2025-01-23,2079103022281.25,14634364649.359365,8781397679.27339,236.76219870881462,170.64297203395972,True,False
2025-01-24,2113027944250.0,12098187853.612225,8871309673.983149,238.18669642960023,171.10718109831748,True,False
2025-01-25,2082357693187.5,3694805800.669982,8907639664.834366,233.77210703843852,171.54890208541275,True,False
2025-01-26,2080814825843.75,2783482751.6197257,8820329202.270037,235.91124300759918,171.99619173160832,True,False
2025-01-27,2020835361312.5,11955786516.95331,8766229180.96899,230.52504327626116,172.36774498920713,True,False
2025-01-28,2012356689375.0,8034825800.008887,8579912396.938363,234.54280140355337,172.72774745167052,True,False
2025-01-29,2028449247375.0,6092345911.116566,8563448902.8245945,236.87293173500808,173.10008196393,True,False
2025-01-30,2100228511937.5,7400448916.434272,8609532666.522356,243.9422200120235,173.6152701304443,True,False
2025-01-31,2076489765187.5,11201672996.579489,8714245370.638212,238.28681393159147,174.16976880710828,True,False
2025-02-01,2027799822750.0,3013247738.519718,8723338366.557825,232.45685740265023,174.76969635451013,True,False
2025-02-02,1922227230562.5,4767314353.494646,8808366077.391745,218.2274457797845,175.20764888112043,True,False
2025-02-03,1954194787968.75,18010195932.401714,9068724820.038927,215.48727376208575,175.6385036640713,True,False
2025-02-04,1967592651406.25,9972825687.013731,8975930771.543676,219.20764558970237,176.12162636059585,True,False
2025-02-05,1909440233937.5,14433738129.338787,9054560276.280298,210.88160834707224,176.49921155429976,False,False
2025-02-06,1905415542293.75,10021883321.596104,9152927169.517073,208.17553849216125,176.77368123704218,False,False
2025-02-07,1912986670400.0,8703519501.878572,9169980597.274916,208.61403686813588,177.13077711277674,False,False
2025-02-08,1911994550375.0,3464009779.7232847,9196631788.089481,207.90160946219638,177.50735042869937,False,False
2025-02-09,1911795270000.0,2892524949.0753446,9209762670.927399,207.58355435531405,177.90742993050497,False,False
2025-02-10,1949894761600.0,7432617992.956971,9209922480.575825,211.71673982190654,178.30074289836804,False,False
2025-02-11,1930131385928.125,9477085951.576164,9245652577.183325,208.76096844600846,178.63825529638746,False,False
2025-02-12,1898473251062.5,6046944646.337515,9113898955.840021,208.30527749553255,179.04335321194196,False,False
2025-02-13,1916055304031.25,6654782592.28042,8808024111.964712,217.53520195619174,179.52159493177683,True,False
2025-02-14,1928781491631.25,8436991720.132586,8619107057.639124,223.77973480695647,180.22627364508787,True,False
2025-02-15,1937463987262.5,2834188516.6755214,8527845116.309714,227.19268007776694,180.95712995011252,True,False
2025-02-16,1925013466921.875,2372547536.0734653,8403261746.419143,229.07931765212186,181.7197055324493,True,False
2025-02-17,1896424045359.375,5508831135.639191,8197632114.463999,231.33802772306677,182.52633762476742,True,False
2025-02-18,1895193439159.375,7844099152.227246,7977178791.944822,237.5769038890164,183.39539840171753,True,False
2025-02-19,1912361741859.375,7977877909.42433,7777183847.954255,245.89385814280462,184.37801051706265,True,False
2025-02-20,1934923643209.375,7693600250.556907,7529299405.13988,256.9858813010542,185.51251164029836,True,False
2025-02-21,1972039666328.125,11713054420.955343,7515544639.68785,262.39477787334806,186.72113538018718,True,False
2025-02-22,1923818912596.875,9079926698.565578,7707870386.041265,249.59149755305393,187.82399684966487,True,False
2025-02-23,1901313212781.25,4160757626.3135962,7757058774.423188,245.1074908766088,188.92844781404978,True,False
2025-02-24,1831772130437.5,7539058256.821985,7599318479.418498,241.04426408743797,190.04615806108964,True,False
2025-02-25,1755388140162.5,19880185672.637268,8022367046.298082,218.81174596374558,191.03452297212664,False,False
2025-02-26,1732302390000.0,16676247403.02854,8400363528.152082,206.2175504898742,191.81560336779967,False,False
2025-02-27,1673915593393.75,13035391292.900713,8601611470.168741,194.6048829569969,192.4744039688128,False,False
2025-02-28,1673671732031.25,14082883082.188152,8704511830.369051,192.2763464106051,193.07035151689183,False,False
2025-03-01,1691434288293.75,4440543779.655316,8755486688.981035,193.18563871754333,193.65000143332892,False,False
2025-03-02,1708761271843.75,6026981353.715553,8800474796.131783,194.16694115126947,194.2348475238045,False,False
2025-03-03,1719026383250.0,13059040343.29221,8623647810.806444,199.338658183125,194.95859140595545,False,False
2025-03-04,1749325097362.5,9413786977.94864,8603682142.625547,203.32284112354088,195.7347331685784,False,False
2025-03-05,1791445867400.0,7517911103.3842125,8356688320.270026,214.37270348526218,196.59947294388394,False,False
2025-03-06,1794495171471.875,8439668480.765515,8300180647.383219,216.19953199905618,197.4717800870691,False,False
2025-03-07,1716049498731.25,10112854701.343702,8350514047.364116,205.50225878285065,198.26366731688543,False,False
2025-03-08,1711938785203.125,2510243357.318507,8316450960.849661,205.84968194512416,199.01602878136634,False,False
2025-03-09,1659550784718.75,3291100083.832311,8330685787.090981,199.2093840930056,199.67911981599633,False,False
2025-03-10,1566594305390.625,11665904508.07828,8481874591.2024555,184.69906487600315,200.24546157459875,False,False
2025-03-11,1648288561231.25,10558772838.912882,8520506265.750196,193.449603793716,200.9219719952559,False,False
2025-03-12,1660164081218.75,11244575402.619507,8706135935.61741,190.68896850402976,201.48531296876203,False,False
2025-03-13,1603482467062.5,11652599979.206436,8884629413.72191,180.47826109505405,201.91893084849204,False,False
2025-03-14,1678954484225.0,7688923936.964859,8857912707.180206,189.5429024564718,202.42339249021262,False,False
2025-03-15,1674822509050.0,2025237248.2558634,8829021590.450932,189.69514253554573,202.86994798801987,False,False
2025-03-16,1645318741115.625,2461022384.446573,8832181406.464258,186.28679206151938,203.26519649521876,False,False
2025-03-17,1667488205531.25,6958311355.184736,8883948557.162313,187.69674259166067,203.6943468214183,False,False
2025-03-18,1637188459609.375,5673415289.209962,8806424133.483126,185.9084271656392,204.09092461643073,False,False
2025-03-19,1679696976018.75,7323070307.706748,8783038147.707495,191.2432745674885,204.5551535439373,False,False
2025-03-20,1699371944325.0,9374758746.042683,8843079522.546274,192.16970061077583,205.0628159058868,False,False
2025-03-21,1672381285884.375,7154070651.931662,8680258673.65257,192.66491342713095,205.6167099261964,False,False
2025-03-22,1672772132028.125,2286075876.446249,8437621144.291166,198.25162844149628,206.22338416404924,False,False
2025-03-23,1695464160659.375,1789474661.2639942,8352932466.967966,202.97831538374837,206.8874556420876,False,False
2025-03-24,1753055773396.875,7684100097.406544,8358112532.70313,209.74302111124032,207.62671114228087,False,False
2025-03-25,1747833287200.0,10116621776.142765,8009413822.114039,218.22237257540894,208.3917009529735,False,False
2025-03-26,1725784042500.0,9664047436.944172,7758978109.0395975,222.42414120093667,209.10130027711588,False,False
2025-03-27,1732761672487.5,7526149332.700574,7562219467.603879,229.13401018187227,209.9369197188386,False,False
2025-03-28,1663623633375.0,12048485791.401278,7489562421.504348,222.12561158424072,210.70629774269676,False,False
2025-03-29,1639309191496.875,5091286087.469017,7512803218.21198,218.2020670424301,211.4210605163694,False,False
2025-03-30,1645732041128.125,3254782225.1719213,7413796106.478278,221.98237144531956,212.1929760378645,False,False
2025-03-31,1638419411431.25,9821678609.988209,7298176044.574564,224.49710741757795,213.0116398638962,False,False
2025-04-01,1688661110587.5,6557955353.679704,7196182057.99353,234.66069882316728,213.89457218789883,False,False
2025-04-02,1702964613934.375,9548511632.805397,7268703505.472857,234.28725805807792,214.73391778943923,False,False
2025-04-03,1638754853746.875,11835707286.54347,7389990605.6792145,221.75330676164737,215.29537318782818,False,False
2025-04-04,1669844690109.375,8780468949.850952,7342405400.26876,227.42474694304573,215.86769503244216,False,False
2025-04-05,1636614805387.5,3868108851.8407145,7390900596.501695,221.4364520288843,216.32842770163205,False,False
2025-04-06,1635536327687.5,4346039061.740272,7428576988.569838,220.16818701671372,216.78017870243198,False,False
2025-04-07,1580031331362.5,12325031990.720432,7452117255.807057,212.02448607894107,217.07714237919376,False,False
2025-04-08,1534629857118.75,7889160738.948145,7356773966.5226,208.6009253651351,217.2974477225366,False,False
2025-04-09,1631486243265.625,10619510422.057436,7334450217.216813,222.44151844345348,217.7229715476478,False,False
2025-04-10,1613376795371.875,8272452338.091592,7213730658.605569,223.65359502953004,218.14938081905728,False,False
2025-04-11,1655230125909.375,10441636973.743479,7312041838.490519,226.37043967613252,218.48041453295141,False,False
2025-04-12,1702447829512.5,3199768362.3695993,7353989378.280295,231.4999032417166,218.86177424035537,False,False
2025-04-13,1662920319662.5,2872917277.051721,7368699910.159051,225.6735027803034,219.15120042235,False,False
2025-04-14,1684787257125.0,7327920945.142364,7381900252.657537,228.23218947160177,219.35092408988132,False,False
2025-04-15,1683809029021.875,6411287873.065953,7408252844.938108,227.28827758253198,219.40740980118662,False,False
2025-04-16,1684716453009.375,9044954451.20895,7469748707.206045,225.53857151635287,219.31981699357024,False,False
2025-04-17,1686752649871.875,7817372046.315234,7414127753.64435,227.5052043772467,219.2077161005118,False,False
2025-04-18,1676423269565.625,3870953753.6277747,7296873578.704926,229.74541788116912,218.96130639948444,False,False
2025-04-19,1689917780409.375,2510500478.902752,7304888743.078372,231.34065963846868,218.71448313749096,False,False
2025-04-20,1674684109218.75,2232630980.687477,7320715754.486353,228.75961386596026,218.45044241754582,False,False
2025-04-21,1723420669421.875,7961048503.294534,7330606768.982352,235.0993203883344,218.26000093809924,False,False
2025-04-22,1801881813590.625,12491830345.924187,7415435646.474546,242.99068854400718,218.1987561275393,False,False
2025-04-23,1852667982028.125,16200026210.79612,7648863459.826402,242.21480639035659,218.2142046437247,False,False
2025-04-24,1857430936196.875,14035201954.66458,7881329624.896544,235.6748194275984,218.20225542085424,False,False
2025-04-25,1881572919750.0,17332578422.84961,8070047218.876842,233.15513140353968,218.14696349749096,False,False
2025-04-26,1878771330843.75,4555887933.739448,8050925856.243645,233.36090337817822,218.1424447759496,False,False
2025-04-27,1866239700600.0,3888393605.9005857,8073554834.12681,231.1546448797783,218.09017446685266,False,False
2025-04-28,1879820036737.5,11534611913.428812,8134731023.535402,231.085702932132,218.09633556197215,False,False
2025-04-29,1891295992337.5,12682042160.758211,8353448409.502493,226.40901094044585,218.00695324919073,False,False
2025-04-30,1872726961593.75,8415953464.653325,8312999903.497063,225.2769136693894,217.87952447923888,False,False
2025-05-01,1912124416406.25,8742561243.010767,8202530401.942322,233.1139688252137,217.76053270795524,False,False
2025-05-02,1927712381459.375,10365219305.55276,8259128628.931672,233.4038453774181,217.70687371285445,False,False
2025-05-03,1916748992390.625,5780366401.056679,8327423541.403671,230.17311211092039,217.68177761074756,False,False
2025-05-04,1886719593750.0,2688789794.2843966,8268236067.565962,228.18888797225893,217.79124400846703,False,False
2025-05-05,1882050630068.75,12316169616.315157,8267919554.1943445,227.63291511635222,217.92471259477765,False,False
2025-05-06,1866696255425.0,9692283136.625355,8332316782.6828165,224.0308792993305,217.97771516301532,False,False
2025-05-07,1933030828281.25,8870488913.741823,8269851728.814401,233.74431509407208,218.2289536986966,False,False
2025-05-08,2007452971687.5,10352926922.70228,8344154392.550498,240.58195441346527,218.5850681593703,False,False
2025-05-09,2056156295000.0,12000952154.164745,8399844220.422686,244.7850508942573,218.982551829987,False,False
2025-05-10,2048075218875.0,3641552067.7514997,8415622209.900611,243.36586978269168,219.37226897636612,False,False
2025-05-11,2064206151750.0,4002446571.2172523,8455962541.8350935,244.11249949813882,219.77368595595757,False,False
2025-05-12,2066234101312.5,10610173476.098167,8573185846.512087,241.01123413218977,220.0956034758508,False,False
2025-05-13,2061906230625.0,12139989800.498348,8777782343.920387,234.9005876242881,220.3828520382495,False,False
2025-05-14,2055016146250.0,9186120404.981548,8782823985.12655,233.9812513298807,220.66500559686872,False,False
2025-05-15,2045721192312.5,13310349561.179665,8979001753.514566,227.83392279790596,220.77817835337103,False,False
2025-05-16,2060661929562.5,9260377548.058199,9171481174.744223,224.68147623057934,220.78808759978452,False,False
2025-05-17,2046201218750.0,3011615665.251809,9189378145.685263,222.670259761893,220.7383906732364,False,False
2025-05-18,2068513645750.0,4277222751.359123,9262399280.352106,223.3237396856602,220.67514256371487,False,False
2025-05-19,2099547862500.0,11066325015.853483,9373302012.943499,223.99234118358243,220.59442073361063,False,False
2025-05-20,2086080609375.0,10861017407.833975,9315058693.72599,223.94712453932755,220.44464293855913,False,False
2025-05-21,2135593516968.75,14775186534.55395,9264171562.431627,230.5218013911874,220.2757192379919,False,False
2025-05-22,2204403140625.0,16043204929.738068,9335885954.398539,236.12147271212226,220.04644002272892,False,False
2025-05-23,2170869185250.0,15409133940.94576,9267191508.616259,234.25319129658797,219.73719181858866,False,False
2025-05-24,2160581225562.5,5446155680.062743,9298986785.27066,232.3458754651422,219.54767948795228,False,False
2025-05-25,2137996196250.0,3288796413.1677313,9277572599.815916,230.44780013819798,219.3865839853324,False,False
2025-05-26,2172613476687.5,9216183401.120417,9194771581.519188,236.28792269884036,219.33431649754561,False,False
2025-05-27,2180208060875.0,12251387161.35873,9179391045.82635,237.51118674329587,219.53980485776046,False,False
2025-05-28,2131788370500.0,10535083488.500374,9255074260.963743,230.3372518026683,219.80485652053838,False,False
2025-05-29,2117324973437.5,10341416369.58704,9312176229.770039,227.37166062951397,220.16493100045614,False,False
2025-05-30,2076253333000.0,12038234757.004648,9371926781.607607,221.53964508927282,220.48650571121075,False,False
2025-05-31,2081859468750.0,3219514300.9733295,9280467778.033201,224.3269971453105,220.82871844118623,False,False
2025-06-01,2080710625312.5,2705917037.3142548,9281079465.284267,224.1884290610123,221.15862490173282,False,False
2025-06-02,2070815769375.0,12666100367.852962,9293576992.124903,222.82225359834507,221.41668638981218,False,False
2025-06-03,2102080582218.75,11439289120.522953,9355970062.97839,224.67799363068627,221.65135839538522,False,False
2025-06-04,2080459715875.0,13646987293.23523,9526559290.81744,218.3852167781431,221.69545194805423,False,False
2025-06-05,2025647897000.0,10550534159.238892,9533616692.122318,212.47423327537433,221.65451459944234,False,False
2025-06-06,2076966890625.0,11455561872.615784,9514138467.781284,218.3032018777579,221.79518430378195,False,False
2025-06-07,2103642103500.0,3677820071.5810657,9515433753.63234,221.07684819906123,221.96251580107798,False,False
2025-06-08,2105473286812.5,2364440624.399593,9456933541.245995,222.63805467486603,222.21997371955996,False,False
2025-06-09,2137119264000.0,9265964068.03982,9408926062.386768,227.13742778183502,222.68632935588784,False,False
2025-06-10,2171769897375.0,11196025800.767021,9375213062.396362,231.65019108588473,223.1061160294281,False,False
2025-06-11,2185529063437.5,8722630197.219322,9358659840.690569,233.530131518941,223.576898040581,False,False
2025-06-12,2109263201437.5,6376367919.772322,9111017639.211737,231.5068727734335,224.13765201506868,False,False
2025-06-13,2095589822812.5,11515533272.179176,9191558915.0732,227.99068603868173,224.5601551313567,False,False
2025-06-14,2083705970437.5,3885367331.7677402,9222764331.734482,225.93074001334992,224.95834851023363,False,False
2025-06-15,2101042886718.75,3155873881.1872916,9182716157.799774,228.80407611577212,225.42557141192876,False,False
2025-06-16,2143053220000.0,11917602155.905172,9213118912.80162,232.60887439781433,225.91911132188645,False,False
2025-06-17,2103712182000.0,9427005107.909824,9161904187.804329,229.6151693880745,226.39940519246267,False,False
2025-06-18,2089859512500.0,10252024346.377224,9000362681.08373,232.19725543863981,226.8494489382995,False,False
2025-06-19,2082943174406.25,5255470077.15392,8615086436.348583,241.77855785844957,227.39460121574646,False,False
2025-06-20,2052964012687.5,8671147096.782238,8374444049.057029,245.14630471722668,227.97131980135197,False,False
2025-06-21,2061753678125.0,3272164417.8679485,8296801503.978643,248.4998197361125,228.5234977276664,False,False
2025-06-22,1965425619731.25,5215828659.9633255,8365624084.221343,234.94070495449333,228.8747327778944,False,False
2025-06-23,2028810937750.0,9641640710.702705,8380818988.134996,242.07788530240958,229.23006095581934,False,False
2025-06-25,2132506045312.5,11874525132.589663,8367359629.964674,254.86009202660543,229.6326732574808,False,False
2025-06-26,2131157071875.0,11793948204.87055,8412319084.12075,253.33764097201347,229.97238204617395,False,False
2025-06-27,2125035808937.5,12887703108.271957,8503257896.2166395,249.908427437323,230.2006723456844,False,False
2025-06-28,2136612022343.75,3336314161.1267157,8192475017.792429,260.8017745191109,230.62568512518848,False,False
2025-06-29,2147613750000.0,3488152854.034,8202069251.83031,261.83804160404463,231.1052013291623,False,False
2025-06-30,2135327808250.0,14136311601.559845,8610297629.124796,247.99697992170894,231.39107614758413,False,False
2025-07-01,2115484980187.5,7525873041.10213,8426718081.740836,251.04494533540534,231.68281063019757,False,False
2025-07-02,2166437012187.5,9829934492.062973,8369241130.724409,258.8570431116234,231.94870452347735,False,False
2025-07-03,2187980804875.0,11161785740.783573,8280483932.422564,264.2334461042638,232.27778351299588,False,False
2025-07-04,2144471146812.5,16598074235.295662,8496467506.567449,252.395615607887,232.61451218163586,False,False
2025-07-05,2153883260625.0,2818051738.286806,8187985001.769984,263.0541287214618,233.00604384953056,False,False
2025-07-06,2169041854875.0,2856385887.529106,8158648066.625273,265.85799965412633,233.49419272453324,False,False
2025-07-07,2154787463937.5,9758779721.625797,8422731605.811922,255.8300044193069,233.8860808278584,False,False
2025-07-08,2163979980000.0,8193896030.848373,8384443461.6265135,258.0946475343285,234.39234633835719,False,False
2025-07-09,2170587515250.0,7732968413.466436,8260762840.651494,262.7587254494785,234.98748699862466,False,False
2025-07-10,2252403051000.0,11593476507.743673,8363293066.027362,269.32011508116517,235.50263641222588,False,False
2025-07-11,2322265493750.0,17966579616.717262,8777229198.06111,264.57842689843267,235.9523598393567,False,False
2025-07-12,2332679503218.75,7065294773.538602,8618292108.823948,270.66609877732117,236.43912532398514,False,False
2025-07-13,2365748498531.25,4554222640.881363,8642179798.435148,273.74442023985887,236.90335078550322,False,False
2025-07-14,2380119303593.75,28379995376.52119,9543041280.41136,249.4088869215447,237.1641791826597,False,False
2025-07-15,2328247825750.0,25653677929.517857,10033615415.18324,232.0447544986435,237.20607550163817,False,False
2025-07-16,2363927151843.75,15318731737.294672,10244034223.375555,230.7613485368465,237.24424111652075,False,False
2025-07-17,2390035875875.0,29735820375.44461,10939884081.556534,218.46994520758616,237.1665639043365,False,False
2025-07-18,2338558801875.0,17065964092.484245,11361687439.246904,205.82847524892028,236.92835808973948,False,False
2025-07-19,2346365438375.0,6034792021.890069,11267531900.857897,208.24129534493267,236.69204905087977,False,False
2025-07-20,2358747495000.0,3737438458.7072406,11284148830.887873,209.03193766316235,236.44689825994232,False,False
2025-07-21,2327582588062.5,14562334193.0149,11617952599.925428,200.34361201279475,236.13463450331415,False,False
2025-07-22,2366028975375.0,14170292447.359936,11779690161.9489,200.85663908358268,235.75834130216302,False,False
2025-07-23,2353939756531.25,10879734897.830894,11744161939.278946,200.4348857502023,235.2906951176157,False,False
2025-07-24,2357592197468.75,11261125234.19587,11725132547.469135,201.07168835184171,234.8385729413683,False,False
2025-07-25,2320830549000.0,22820893392.68719,12079889343.341108,192.12349410132052,234.35998694877185,False,False
2025-07-26,2349728987812.5,4964932334.15206,12138054278.092012,193.58366126715453,233.92513562859176,False,False
2025-07-27,2353756599375.0,3373298830.617135,12133952348.684267,193.98103204437152,233.49238978975876,False,False
2025-07-28,2351640553312.5,12934438036.770037,12091028292.798916,194.49466963145497,233.08953291889807,False,False
2025-07-29,2369972016562.5,13288768254.758938,12296845979.000946,192.7300724600153,232.66804247414953,False,False
2025-07-30,2345742745500.0,10499712187.637215,12320766610.985739,190.3893499133757,232.27222202330256,False,False
2025-07-31,2323326824218.75,9759826295.827438,12270696630.808735,189.33943965214178,231.87730472640976,False,False
2025-08-01,2283373688812.5,15497763392.271341,12231399814.986437,186.68130576639416,231.36705568180736,False,False
2025-08-02,2254564464250.0,3157274637.0232015,12243514918.51274,184.1435632867975,230.82573390059173,False,True
2025-08-03,2283291565843.75,3752362442.6492014,12275514081.195599,186.00374295863006,230.34035621759952,False,False
2025-08-04,2292094984781.25,11845762258.67677,12350049171.804562,185.5939966631189,229.8722804889277,False,False
2025-08-05,2264698718718.75,9313301817.800478,12390027949.909992,182.78398788722683,229.37943513476145,False,True
2025-08-06,2293409726625.0,7655906247.251752,12387275729.68804,185.1423813170224,228.95208900308774,False,False
2025-08-07,2337849326312.5,8976136352.994701,12293799295.589863,190.16491729705993,228.4731945218019,False,False
2025-08-08,2328328245875.0,10640830372.69743,12032165394.017727,193.5086636219796,227.95590561200535,False,False
2025-08-09,2320034280500.0,3986623481.7432323,11922212847.882177,194.5976229498472,227.40439541481405,False,False
2025-08-10,2368433108406.25,4258627456.3488636,11911655877.006016,198.8332380368894,226.9150258351898,False,False
2025-08-11,2382229652000.0,11718980185.323074,11316619620.177511,210.5071772274195,226.54573657946764,False,False
2025-08-12,2368722518750.0,11498642440.824318,10811082638.43846,219.10132388851443,226.30496833503165,False,False
2025-08-13,2411392776187.5,12888456394.703356,10724287090.488768,224.85343369128316,226.19456005005358,False,False
2025-08-14,2342785319343.75,14413520594.360933,10177062098.307207,230.2025178497668,226.15303550631603,False,False
2025-08-15,2332686880125.0,14017254389.700182,10068179608.922062,231.68904119051035,226.1953994446963,False,False
2025-08-16,2347258320468.75,5504971480.001399,10049257446.711752,233.5752997587701,226.2931337691819,False,False
2025-08-17,2342352851062.5,4633178834.210024,10081248174.408281,232.3475040529874,226.3994771130401,False,False
2025-08-18,2293610040812.5,10854550547.181856,9948827329.914244,230.54074261757947,226.47878483756665,False,False
2025-08-19,2261424973375.0,14441863554.129673,9958526298.013165,227.08429999589188,226.51276240693275,False,False
2025-08-20,2273826876750.0,11774848315.666763,9990494634.364445,227.59902887377424,226.5528932237948,False,False
2025-08-21,2260325180218.75,14001832264.62955,10088377028.308504,224.05240940898238,226.4818010042101,False,False
2025-08-22,2327489594062.5,15328705213.824976,9820798879.063427,236.99595345795984,226.49141068273582,False,False
2025-08-23,2298678409218.75,8101157832.036867,9932806932.55931,231.42284198475477,226.46030794304534,False,False
2025-08-24,2282587725500.0,11032407922.931696,10206346542.999117,223.64395681486096,226.36468246337188,False,False
2025-08-25,2240837044812.5,11581188386.265312,10158016198.338232,220.59790032418758,226.2564418060751,False,False
2025-08-26,2220786057062.5,12519504863.175747,10130542505.78169,219.21689344820928,226.0688480780462,False,False
2025-08-27,2222832026156.25,10326963402.219948,10124372906.302504,219.55256357384062,225.87150057068953,False,False
2025-08-28,2251937845187.5,10466099084.99234,10149596934.486963,221.87460839313908,225.7785044892661,False,False
2025-08-29,2208383930312.5,23005469326.788795,10417729289.291159,211.98323252482618,225.60940088372013,False,False
2025-08-30,2172604103437.5,9170965525.438213,10632503963.877409,204.33607274623628,225.42035063819225,False,False
2025-08-31,2161289821781.25,4626001308.177331,10663705351.931986,202.67718869311037,225.182440655201,False,False
2025-09-01,2178883396593.75,9872635249.510498,10593236530.176046,205.68627825754209,224.97912031670137,False,False
2025-09-02,2201425862562.5,11472795453.89586,10670361302.893738,206.31221381093127,224.79769130804846,False,False
2025-09-03,2240120396500.0,10987680372.68799,10789353235.945034,207.62323259905662,224.61027635165695,False,False
2025-09-04,2197356414687.5,10787959326.746689,10854061199.293318,202.4455523459334,224.43511520405022,False,False
2025-09-05,2250360391687.5,12937939673.7636,10936100817.18854,205.77355945279447,224.3614814257801,False,False
2025-09-06,2198047017500.0,3437337619.6244116,10916483464.97001,201.35119743948042,224.17519566272213,False,False
2025-09-07,2215011968812.5,2596166281.3931866,10857109851.578735,204.01488048777682,223.98770151204866,False,False
2025-09-08,2236983560625.0,7661404614.42701,10712196438.332445,208.8258531761231,223.83591907799652,False,False
2025-09-09,2216141002187.5,10652209784.065067,10681966700.591045,207.4656347753713,223.61974552847497,False,False
2025-09-10,2265403863281.25,11031790195.23848,10615657193.4673,213.40213064484996,223.4192173917603,False,False
2025-09-11,2295942460875.0,12917697920.895584,10562234955.129253,217.37278811053525,223.2416641674921,False,False
2025-09-12,2291789887968.75,13838292752.335754,10555843468.080523,217.11101485151994,223.08346792659194,False,False
2025-09-13,2308983343906.25,5789043918.79074,10565988912.322998,218.52979054457532,222.97950204204133,False,False
2025-09-14,2305231721375.0,3898286436.661168,10539742755.267683,218.71802518357129,222.9002414395163,False,False
2025-09-15,2288162312687.5,12687401399.611538,10605201714.283026,215.75849044019748,222.75688335516932,False,False
2025-09-16,2323683126000.0,11014563418.224216,10482798138.00069,221.6663046841022,222.63663533633732,False,False
2025-09-17,2327105246406.25,12962249455.147718,10525205321.55358,221.0983230551132,222.5430436183927,False,False
2025-09-18,2344506645750.0,13510976822.137205,10507674770.035997,223.12325962311527,222.44332937866164,False,False
2025-09-19,2310098663437.5,11918810025.118149,10385892799.010754,222.42658461269065,222.23067033200496,False,False
2025-09-20,2309373453500.0,6506869820.089035,10328953941.441189,223.58251054198965,221.9937055608485,False,False
2025-09-21,2304055447750.0,3521336291.7833223,10060701383.185892,229.01538968254135,221.77959094487517,False,False
2025-09-22,2248695293625.0,15430507426.449467,10198177063.192465,220.49973046075573,221.62089891747146,False,False
2025-09-23,2256522883593.75,13380103763.332317,10228912738.198057,220.6024180035446,221.3849047713301,False,False
2025-09-24,2264557225625.0,11030120453.67821,10254025490.035854,220.84567937007165,221.01112001686272,False,False
2025-09-25,2228719604687.5,14251956295.883837,10389234676.13912,214.52201958688875,220.58457472691626,False,False
2025-09-26,2185541604750.0,16962966523.57071,10173431004.595617,214.82837046447074,220.19907959534643,False,False
2025-09-27,2191582458000.0,5814233429.462753,10053547715.453638,217.9909540421484,219.72863101867657,False,False
2025-09-28,2212165651250.0,4533682940.126207,10050250630.880383,220.1104959962793,219.27008656144835,False,False
2025-09-29,2276365801843.75,12421806232.98834,10141292451.718876,224.46505834253134,219.01149401662227,False,False
2025-09-30,2279023260000.0,18752461459.12848,10401280523.334326,219.1098735282852,218.66055916159894,False,False
2025-10-01,2306157119750.0,17914942537.91964,10648682743.521173,216.56736098679457,218.19583738000742,False,False
2025-10-02,2372587629375.0,18501831007.64977,10924178160.696283,217.18683039345237,217.67884160296555,False,False
2025-10-03,2390557019375.0,23124603287.085655,11287987575.457785,211.77884927624496,217.23250351140902,False,False
2025-10-04,2428688459812.5,8476077417.44032,11467942568.236923,211.78066120938777,216.66905881347415,False,False
2025-10-05,2451445734375.0,7752284226.2383795,11652089637.69568,210.3867898891137,216.05948507979267,False,False
2025-10-06,2497163995218.75,16874408670.71981,11981125496.848995,208.424825854257,215.53854905160532,False,False
2025-10-07,2480257971750.0,19430972127.380543,12294652723.395977,201.73469129634054,214.91920887316587,False,False
2025-10-08,2446037782500.0,19009027532.640343,12579554056.874615,194.44550827803488,214.16851417897422,False,False
2025-10-09,2428930656562.5,15183418026.848045,12660472632.087204,191.85149931974274,213.3172107090685,False,False
2025-10-10,2374185758093.75,15376547532.03535,12715410302.79076,186.71719602887427,212.46159278742493,False,False
2025-10-11,2210792598375.0,13979800173.011082,13007937311.870056,169.9571996213111,211.3549015879084,False,False
2025-10-12,2295961046437.5,5559262421.031401,13067257882.740423,175.70335467780623,210.27752724107265,False,False
2025-10-13,2283632238000.0,9071959222.90638,12938134947.858095,176.50397427475085,209.47637435484413,False,False
2025-10-14,2220308438687.5,19576688920.433247,13243925144.36556,167.64731108678146,208.76871014152698,False,False
2025-10-15,2255433171750.0,21854225093.273422,13561495702.87005,166.31153533254283,208.06047043598517,False,True
2025-10-16,2204065425000.0,13182320922.085176,13549757992.153906,162.66456022877173,207.44722444720696,False,True
2025-10-17,2130369976312.5,16097643605.953632,13699002048.612318,155.51278616885105,206.89430478698645,False,True
2025-10-18,2140597774968.75,5298430674.653136,13655843507.703892,156.75324440860354,206.32850202944434,False,True
2025-10-19,2148002279375.0,5022667331.842184,13709462473.420279,156.68026981652403,205.7532089761846,False,True
2025-10-20,2210660991000.0,11951029124.0078,13585195391.19022,162.72574131937608,205.33982578175141,False,True
2025-10-21,2244607726562.5,14951638311.044374,13641321625.037079,164.54474047754877,204.94079392893786,False,False
2025-10-22,2156711375656.25,15261276545.144241,13792434342.589436,156.3691602284142,204.4565551869402,False,True
2025-10-23,2176315926875.0,12186213034.972124,13718657797.556879,158.63912920567014,203.99026332819102,False,True
2025-10-24,2200703645156.25,12416172617.763527,13556272300.920904,162.33840662869775,203.66295467464573,False,True
2025-10-25,2225496075593.75,4877663200.916018,13522823364.187092,164.5733302623474,203.3441598284391,False,False
2025-10-26,2242875805000.0,6847085319.891039,13605444877.750124,164.85133894209676,203.02405331083168,False,False
2025-10-27,2290793001000.0,16107727421.004858,13737084920.179287,166.7597612092291,202.7192740974006,False,False
2025-10-28,2290458435875.0,14459499246.59532,13583764841.160244,168.61735039277687,202.45429912962877,False,False
2025-10-29,2261579691250.0,13004147601.963224,13408379307.733229,168.6691313949959,202.2156154096466,False,False
2025-10-30,2128235252500.0,14514069160.323538,13265959241.757292,160.42829724675687,201.8979105480489,False,True
2025-10-31,2199060508781.25,15203643065.771168,12983067805.281773,169.37911299258778,201.7077765615236,False,False
2025-11-01,2203315759500.0,7076005652.664974,12933065242.254084,170.36299734276972,201.5563417709299,False,False
2025-11-02,2213720868750.0,3304825232.249682,12774227421.040201,173.29587111497796,201.41669482759303,False,False
2025-11-03,2129228112500.0,14288895727.776064,12681887673.077925,167.8952035681634,201.22220259578035,False,False
2025-11-04,2084785845406.25,17542018755.260174,12614425052.645054,165.26998548927935,201.02974103096773,False,False
2025-11-05,2061509709000.0,13419921893.468367,12414814136.960342,166.05240209457878,200.8199610395123,False,False
2025-11-06,2049571642125.0,15636906418.271948,12431010150.939764,164.87571140548508,200.5420576780664,False,False
2025-11-07,2048826798000.0,21461779028.83144,12648339847.253912,161.9838510620682,200.19563116641908,False,False
2025-11-08,2047853574093.75,4367137226.846394,12305030456.31946,166.42409633712361,199.88603197287264,False,False
2025-11-09,2089405695312.5,3067078992.712991,12216023905.308088,171.038114488677,199.58059105476042,False,False
2025-11-10,2113369419687.5,11484375771.963436,12302181639.202982,171.78818210201766,199.15510759184392,False,False
2025-11-11,2074928222937.5,10951056954.68874,11994123354.712109,172.9954046305791,198.64844913846002,False,False
2025-11-12,2031704118281.25,10604955346.718935,11592363720.90659,175.26228189485752,198.10349142641135,False,False
2025-11-13,2044102621218.75,13088012217.047039,11588995552.86951,176.38307063743906,197.51206892957262,False,False
2025-11-14,1895324446293.75,24377100196.130707,11884690431.090122,159.4761308494513,196.71852046428623,False,False
2025-11-15,1914241836850.0,5644973418.0668,11897066957.64061,160.90031632717873,195.91989427273032,False,False
2025-11-16,1886643129000.0,4776084095.964514,11888260413.502123,158.69799814085837,195.11055904292667,False,False
2025-11-17,1909776890650.0,19283577618.702053,12150137145.455488,157.18150896463857,194.3044136181691,False,False
2025-11-18,1864182896000.0,21605870788.453686,12387788305.362965,150.48553059249096,193.46266889945036,False,True
2025-11-19,1828634199165.625,17471565470.769844,12466727195.563879,146.68117545848926,192.57346171906266,False,True
2025-11-20,1750922043018.75,15177174553.160692,12573547249.784899,139.25442106631473,191.64161569331907,False,True
2025-11-21,1683294253350.0,21796370449.694958,12908554315.211023,130.40145412460794,190.4702475687767,False,True
2025-11-22,1687671639375.0,58388673977.72743,14819661842.954287,113.88057684847713,189.17857432552094,False,True
2025-11-23,1722929930915.625,17954745701.83514,15216363999.45229,113.22875366136363,187.96522044471328,False,True
2025-11-24,1729739928031.25,14112416699.0278,15145102902.238821,114.21117038270843,186.79613550030138,False,True
2025-11-25,1745970063225.0,11012928544.071537,15022011091.434402,116.22745134441803,185.66438338927074,False,True
2025-11-26,1732164119250.0,9204012840.881035,14886291992.824324,116.35967641135612,184.53039561825437,False,True
2025-11-27,1811862357500.0,9062460320.883312,14691591677.130032,123.32648478928752,183.4474492050253,False,True
2025-11-28,1816718033943.75,9697972473.083769,14494960584.534054,125.33445836908076,182.49526487364346,False,True
2025-11-29,1814748623000.0,3552877104.767845,14369134564.966297,126.29491461681893,181.63766972936415,False,True
2025-11-30,1818770168809.375,3541872047.362618,14377600522.648905,126.50025753214402,180.80056059572715,False,True
2025-12-01,1736052153278.125,13435643673.40069,14347127234.99264,121.00346813987223,179.86998026476374,False,True
2025-12-02,1836104852175.0,10845653512.26919,14107971333.457247,130.1466248248359,179.03299577041105,False,True
2025-12-03,1854031643943.75,12509377018.149723,14075451873.624437,131.72093234306485,178.19890455880673,False,True
2025-12-04,1851660329250.0,8105660617.511551,13806478809.311567,134.11532041038416,177.44802288918532,False,True
2025-12-05,1779255978593.75,10280986733.847937,13407164798.776442,132.70933902118722,176.64511936795887,False,True
2025-12-06,1788084895215.625,3044783369.686914,13359937875.30646,133.83931212139777,175.9032305183096,False,True
2025-12-07,1786763723118.75,2501885859.6408043,13339752406.268167,133.94279509109737,175.13320760186258,False,True
2025-12-08,1824153980862.5,13483240526.988363,13411140433.233343,136.01781220202372,174.33311923950984,False,True
2025-12-09,1820674501865.625,9695891171.237087,13366313083.824356,136.2136656868354,173.55013056820727,False,True
2025-12-10,1849286217275.0,11784957025.173037,13408456000.912003,137.91940079821399,172.720650020442,False,True
2025-12-11,1851935279512.5,10736904008.783623,13324487850.61688,138.98735172975233,171.85927159867518,False,False
2025-12-12,1837988812318.75,10803224575.612886,12839706578.45553,143.14881738830508,171.0465001979805,False,False
2025-12-13,1801292100628.125,4017753379.5852885,12781591577.081192,140.92862299387198,170.19374011500577,False,False
2025-12-14,1784707080250.0,2848683491.374594,12712755841.202978,140.38711216852232,169.3329608511041,False,False
2025-12-15,1722132498450.0,8379084323.59204,12323309652.091906,139.74594058485454,168.497658105441,False,False
2025-12-16,1754477830531.25,10531766894.152073,11927805941.581135,147.09141304982353,167.6781538017676,False,False
2025-12-17,1741822796168.75,12489831561.278057,11749886873.384998,148.2416652124713,166.87753118811221,False,False
2025-12-18,1702743926778.125,9848892393.375822,11559591081.964111,147.3013980083462,166.04432391762023,False,False
2025-12-19,1764896553896.875,8969389739.72798,11101484628.036718,158.97842613227078,165.34709140684637,False,False
2025-12-20,1762887425000.0,4973933952.339513,9193815341.415722,191.74709949401043,164.99725172500047,False,False
2025-12-21,1761274575450.0,2519189997.1456137,8642545494.819668,203.791183570362,164.72006264684464,True,False
2025-12-22,1798603046609.375,8820610202.54576,8453552405.659595,212.76298534628148,164.6350434697625,True,False
2025-12-23,1751653321403.125,12185261277.52939,8495421431.854518,206.1879255142197,164.47664245339632,True,False
2025-12-24,1742194469925.0,11504123666.75912,8577568247.06445,203.1105343313638,164.28175074967425,True,False
2025-12-25,1764584453515.625,3024468762.6361113,8361925691.412765,211.02608641066445,164.24333390158387,True,False
2025-12-26,1746946996818.75,9450221823.643654,8353077453.93276,209.13812980343667,164.18080378442963,True,False
2025-12-27,1750107111187.5,3357464428.8442717,8346098429.792632,209.69164525309623,164.08960258894555,True,False
2025-12-28,1753030774187.5,2110737904.6223104,8294986496.123336,211.33618180171595,163.9931815538405,True,False
2025-12-29,1741911750046.875,17986843413.77039,8457529343.993682,205.9598825139088,163.78982797330613,True,False
2025-12-30,1758948695156.25,12213235203.818419,8506371547.263297,206.78013949698044,163.65433639054456,True,False
2025-12-31,1755323527409.375,17317990785.43975,8678107753.237942,202.27030791988443,163.4972259172818,True,False
2026-01-01,1757707741593.75,5461748379.32022,8583682316.15968,204.77315875084068,163.3608119431872,True,False
2026-01-02,1792229127865.625,8968206910.814333,8536797322.479909,209.9416280091547,163.3406226984939,True,False
2026-01-03,1791495191062.5,2473500733.0217514,8516394371.170439,210.3584114337214,163.32499358007996,True,False
2026-01-04,1816574518850.0,2506209767.9706717,8516548796.467934,213.29937305160365,163.35699998845897,True,False
2026-01-05,1855127843396.875,11806112633.600658,8456651371.704086,219.3690814314663,163.47726653326347,True,False
2026-01-06,1847525155150.0,11114364069.907026,8507311118.085156,217.16910660789904,163.64687549273114,True,False
2026-01-07,1816851978712.5,9963351045.469955,8442253761.667189,215.2093540426467,163.8750496220126,True,False
2026-01-08,1801514828162.5,9338603708.545887,8392314465.230126,214.66245522927989,164.12571946717233,True,False
2026-01-09,1808770400775.0,12518853021.095198,8453586909.7116375,213.96484357392137,164.42514416546956,True,False
2026-01-10,1811932208287.5,8121569827.731763,8600151782.859728,210.68607322706987,164.87271420509327,True,False
2026-01-11,1811224480387.5,4985913693.124658,8676481432.922228,208.75103512755192,165.23587552871686,True,False
2026-01-12,1832806698468.75,10984133269.750414,8769518895.285028,208.99740571334726,165.5929462038663,True,False
2026-01-13,1878179644075.0,14002042935.92521,8893457325.348354,211.18667075871218,166.07140070575562,True,False
2026-01-14,1896838776453.125,13059243547.161377,8913793467.701328,212.79815191211495,166.58224264619048,True,False
2026-01-15,1926071880337.5,13357960101.245293,9039117314.410954,213.08185449333502,167.13627884689996,True,False
2026-01-16,1901950621759.375,9372781612.330635,9053524167.003904,210.07848288417284,167.73590188772766,True,False
2026-01-17,1906080111115.625,2998686754.598215,8982979624.22743,212.1879588789065,168.34507457421452,True,False
2026-01-18,1897854484375.0,2353607702.805856,8977065970.858152,211.41144451159434,168.9465160543801,True,False
2026-01-19,1858615018368.75,5014634720.103577,8841138275.056646,210.22349843938412,169.46846942932527,True,False
2026-01-20,1795926457753.125,9822935837.808207,8756769509.35232,205.09006841336375,169.914022483565,True,False
2026-01-21,1784165101968.75,13390535599.00566,8824141364.07541,202.19135532352092,170.41756308900574,False,False
2026-01-22,1782739651875.0,10568754612.948172,9093580144.443697,196.04376093438606,170.8286029981125,False,False
2026-01-23,1791419775234.375,6994781333.942334,9005885841.24008,198.91655377542546,171.23056065906553,False,False
2026-01-24,1785772569825.0,2116227259.4964585,8961555942.3348,199.27037015848202,171.61184681177033,False,False
2026-01-25,1756525166550.0,3966994210.6755815,9027850810.40813,194.56736752061934,171.93839657636948,False,False
2026-01-26,1769355574925.0,7681814789.554701,8659814073.828999,204.3179633927945,172.3511240728922,False,False
2026-01-27,1750258688687.5,6067747727.70262,8440332378.253435,207.36845544105012,172.776960392104,True,False
2026-01-28,1789802339668.75,8693559628.841545,8132316979.803499,220.08516688585803,173.34197177112443,True,False
2026-01-29,1670499380000.0,9789073414.457756,8286864302.486982,201.584015258783,173.79423240861922,False,False
2026-01-30,1654538321250.0,14841644208.141388,8496629920.248663,194.72877326420945,174.07280010391176,False,False
2026-01-31,1578891363925.0,8589408432.090025,8715055195.215387,181.16825752197414,174.19153922676017,False,False
2026-02-01,1553073592184.375,7846770887.604803,8905789520.916607,174.38920923706365,174.2035539313985,False,False
2026-02-02,1573655193478.125,15680747255.192636,9044169328.830606,173.996653121221,174.27060282758592,False,False
2026-02-03,1565999335237.5,13344411909.709486,9123813894.537836,171.63867581461943,174.3405884355567,False,False
2026-02-04,1452549536662.5,14008595911.570457,9268286925.469997,156.72254736425748,174.2380625593993,False,False
2026-02-05,1436022399600.0,21139302346.193314,9689740448.243118,148.20029569113694,174.054816232868,False,False
2026-02-06,1415140214090.625,18901527089.30478,9917693093.536318,142.6884458657949,173.84277881312875,False,False
2026-02-07,1388340095237.5,6122926408.364181,9846312971.416046,141.0010121827192,173.56340426198145,False,False
2026-02-08,1422196226825.0,4243821725.8114414,9819809686.869146,144.8293064912177,173.2753953828885,False,False
2026-02-09,1371369363568.75,11888159988.016224,9852096355.378641,139.19569136370316,172.91723614400593,False,False
2026-02-10,1388796250375.0,9547620583.008541,9693009842.774473,143.27812236879754,172.59067260266767,False,False
2026-02-11,1341458692425.0,8491239760.042006,9529866850.377354,140.7636343179215,172.2115665853387,False,False
2026-02-12,1320470584143.75,9661389136.315762,9397846458.772726,140.50778440959883,171.81733267074702,False,False
2026-02-13,1374635793375.0,9201319258.50435,9391722803.278933,146.36673400274051,171.6732733647392,False,False
2026-02-14,1404114107143.75,3840029082.300078,9421770743.553997,149.02868530359746,171.5428158809636,False,False
2026-02-15,1374308632812.5,1929666958.9573793,9406630002.702267,146.09999887501675,171.40437632859172,False,False
2026-02-16,1372330194309.375,4693867812.997321,9395174041.734186,146.06756492358355,171.28224507539332,False,False
2026-02-17,1352796045250.0,6373218850.178365,9271969863.60455,145.90168703633924,171.23187316818286,False,False
2026-02-18,1350335304937.5,5723969492.006945,8998163931.211737,150.06787109686022,171.26908960376934,False,False
2026-02-19,1334403729571.875,5598066692.030261,8820639362.607527,151.28197341665302,171.40126050871814,False,False
2026-02-20,1356750815428.125,10586854048.32113,8948927673.83534,151.6104347781199,171.63432623018528,False,False
2026-02-21,1371362057690.625,2476187168.520625,8961783384.871918,153.02334354628283,172.06446652356777,False,False
2026-02-22,1348569132221.875,1845861126.4781623,8886028631.864866,151.76286146389083,172.48791825766148,False,False
2026-02-23,1328815473975.0,6005967073.087472,8826176927.705322,150.5539130768901,172.88728905649862,False,False
2026-02-24,1283859013784.375,7724802994.709144,8885357472.955557,144.49154327128292,173.1978834732774,False,False
2026-02-25,1327625387840.625,6898606940.395969,8821252019.796785,150.5030561264034,173.573085448168,False,False
2026-02-26,1353077087218.75,7443589778.407508,8737484747.080706,154.85887831401692,173.91959526712105,False,False
2026-02-27,1337500040156.25,5797244770.140323,8414470481.437811,158.95237176323263,174.28902288683705,False,False
2026-02-28,1297483493578.125,2721602956.984004,8204906000.184024,158.1350832720112,174.6389148500809,False,False
2026-03-01,1321153094278.125,1947434580.0901263,7994215417.772784,165.26363442007457,175.06488602467354,False,False
2026-03-02,1315650490415.625,7000359941.529199,7684201585.141948,171.2149890705036,175.61666097995518,False,False
2026-03-03,1374561068996.875,8081339725.646691,7496234721.425421,183.36686617725067,176.20149879701472,False,False
2026-03-04,1454086850350.0,12288634029.364828,7434807511.346647,195.5782780026036,176.90322787019645,False,False
2026-03-05,1456168022812.5,9278661021.10245,7011213178.307688,207.69130616621453,177.71175518619458,False,False
2026-03-06,1358878250062.5,7534725006.097888,6605255961.0503,205.72681181100288,178.51414499707167,False,False
2026-03-07,1346512449600.0,2032123513.9378915,6459155857.677932,208.46570035919083,179.334215197487,False,False
2026-03-08,1344470589062.5,1488615216.0636604,6360755625.18694,211.36963409484648,180.1850595821436,False,False
2026-03-09,1344069709387.5,6914157660.480911,6183112684.917821,217.37752130347337,181.07912231952216,True,False
2026-03-10,1422990460237.5,7287177982.124621,6102382592.029109,233.18604475835397,182.1447528587696,True,False
2026-03-11,1413468240718.75,8029010340.4647455,6085874398.472779,232.25392904484735,183.181396026315,True,False
2026-03-12,1407311249421.875,6108416530.594537,5958982519.6970215,236.1663664510008,184.24929728698808,True,False
2026-03-13,1430189937400.0,7726566054.216646,5906312762.4010315,242.14598768023924,185.3371782792071,True,False
2026-03-14,1413385077918.75,2145316489.7739317,5845787312.667954,241.7783956757907,186.44541753944802,True,False
2026-03-15,1447885486562.5,3517233731.097687,5902486125.95868,245.3009555066654,187.59831691679025,True,False
2026-03-16,1478807466062.5,10195572100.645725,6098975564.803267,242.468173605513,188.72713266426996,True,False
2026-03-17,1473249699056.25,7906826040.114284,6153747250.15812,239.40692380864277,189.7415888264548,True,False
2026-03-18,1425961081312.5,6375312014.41345,6177009483.101211,230.84974779682324,190.64936995375538,True,False
2026-03-19,1397629511381.25,5718618497.256258,6181314904.716424,226.10553465167104,191.5153494773084,False,False
2026-03-20,1414974319768.75,5101822416.933103,5985420917.881137,236.40347758026292,192.36617421849516,True,False
2026-03-21,1414468227050.0,1218707789.7153096,5940510940.066661,238.10548306710595,192.87560700501265,True,False
2026-03-22,1378772168000.0,3563696747.3545766,6001862212.24082,229.724062173235,193.16058369295635,False,False
2026-03-23,1405094819562.5,6351371463.8087845,6014198083.33801,233.62962112193054,193.38988738279863,True,False
2026-03-24,1406952057890.625,6967432240.095557,5987149127.816094,234.9953254636623,193.7064522174079,True,False
2026-03-25,1419036769150.0,8326071521.44758,6038130005.710794,235.01262275040307,194.0570246176171,True,False
2026-03-26,1389804055406.25,6233836622.328477,5994924535.85083,231.83011680880182,194.28564033627796,False,False
2026-03-27,1315715599500.0,8652009474.541578,6096880418.150874,215.8014442243307,194.3588635716724,False,False
2026-03-28,1332422918953.125,2709136323.610358,6096435181.244674,218.55771107880327,194.4562928664604,False,False
2026-03-29,1331239668762.5,1979365473.9460342,6097575570.310956,218.3227831147013,194.53306870506464,False,False
2026-03-30,1350060109850.0,7311067757.215472,6108672278.014037,221.00712698388725,194.69842303989955,False,False
2026-03-31,1366387922437.5,7319725452.4801445,6081471768.258088,224.6804679040504,194.89512994547178,False,False
2026-04-01,1371746172684.375,6475233191.952339,5873850309.779071,233.53441104902274,195.23869151831946,False,False
2026-04-02,1333946408881.25,6704823313.014916,5781927534.4902315,230.70963807900068,195.5237077746728,False,False
2026-04-03,1336681655440.625,3007067104.088623,5620225466.561328,237.83416935734763,195.83021921805957,True,False
2026-04-04,1348228052200.0,1443412965.6513567,5599200089.836809,240.7894039448936,196.16462572917135,True,False
2026-04-05,1349605908000.0,1458245965.5939348,5598115473.748605,241.08218459028646,196.46993135047555,True,False
2026-04-06,1388188878662.5,4355593806.902083,5506738193.263647,252.0891369705321,196.8294924003554,True,False
2026-04-07,1369454180475.0,5575967620.145627,5445623537.4786825,251.4779383940036,197.20651252987304,True,False
2026-04-08,1430557964746.875,5936286348.016992,5370883394.891263,266.3543144704294,197.76854506204648,True,False
2026-04-09,1444009370587.5,5196240368.168461,5338305674.804617,270.49956644536866,198.38213969079473,True,False
2026-04-10,1441346662628.125,6491981313.769409,5294213362.645787,272.2494474434651,199.02262984320728,True,False
2026-04-11,1462121779696.875,1987525971.3807876,5288577986.98889,276.4678488799879,199.74550649873385,True,False
2026-04-12,1417791486718.75,1576299770.494101,5219258916.967333,271.64613008748034,200.4366613884034,True,False
2026-04-13,1444130674456.25,6633310041.043966,5092035271.981555,283.6057877294062,201.2565337182502,True,False
2026-04-14,1492169270156.25,12370994758.47783,5251469869.0659685,284.14316512524306,202.05825343656375,True,False
2026-04-15,1478120228268.75,8799963363.243324,5338064560.095607,276.9019017338892,202.76269024779197,True,False
2026-04-16,1499941701225.0,6827305647.032912,5377660529.730487,278.92086027605257,203.48619580584383,True,False
2026-04-17,1512213725250.0,7922347197.329179,5478393557.601776,276.0323276066328,204.21096333026648,True,False
2026-04-18,1518879466165.625,2768806279.2658143,5533754217.942865,274.47541151010097,204.89544083170816,True,False
