timestamp,gas_gwei,gas_ma30,gas_zscore,gas_spike
2024-01-01,25.748003149373172,,,False
2024-01-02,18.7438903143488,,,False
2024-01-03,27.7668890381749,,,False
2024-01-04,43.013539068971696,,,False
2024-01-05,17.866426061990467,,,False
2024-01-06,17.866572726066465,,,False
2024-01-07,44.23898472752265,,,False
2024-01-08,29.480156163500403,,,False
2024-01-09,15.8832136624042,,,False
2024-01-10,26.345039995210875,,,False
2024-01-11,15.931386443001925,,,False
2024-01-12,15.912979917597017,,,False
2024-01-13,22.668609720177837,,,False
2024-01-14,7.716492162450242,,,False
2024-01-15,8.47856389742537,,,False
2024-01-16,15.162969455087836,,,False
2024-01-17,12.104586614563399,,,False
2024-01-18,23.502896439449195,,,False
2024-01-19,12.755824135408556,,,False
2024-01-20,9.913011125183681,,,False
2024-01-21,41.79699238628459,,,False
2024-01-22,17.941417192655415,,,False
2024-01-23,20.775285899258108,,,False
2024-01-24,9.851521466829904,,,False
2024-01-25,15.2993238978258,,,False
2024-01-26,21.230977008817664,,,False
2024-01-27,11.296615993751907,,,False
2024-01-28,24.236239406573937,,,False
2024-01-29,14.87498071619495,,,False
2024-01-30,17.359729461631353,20.19210394159108,-0.2948046985878457,False
2024-01-31,14.867040174465803,19.829405175760833,-0.5171266892203017,False
2024-02-01,50.7108094621753,20.894969147355045,2.6802066872274843,True
2024-02-02,19.950443778624205,20.63442097203669,-0.061902657316561305,False
2024-02-03,11.835985808456154,19.595169196686175,-0.7523339069576682,False
2024-02-04,30.303779964907207,20.00974766011673,0.9813129308872356,False
2024-02-05,10.908891329434532,19.77782494689567,-0.8354903361056126,False
2024-02-06,22.296546421963246,19.046410336710355,0.33937425386388426,False
2024-02-07,7.539568392897033,18.315057411023574,-1.1235775281516103,False
2024-02-08,10.338832746793893,18.130244713836564,-0.8039258760660704,False
2024-02-09,22.163141536850084,17.990848098557873,0.4346542866029263,False
2024-02-10,29.056240804888112,18.428343243954078,1.0845878342351485,False
2024-02-11,21.88243238253457,18.627324992785326,0.33192396307275757,False
2024-02-12,18.957049332745882,18.503606313204266,0.04637658528460694,False
2024-02-13,17.27824424817634,18.822331382728464,-0.16139322489580363,False
2024-02-14,9.59017373325547,18.859385043922803,-0.9728528780906098,False
2024-02-15,14.014295219991729,18.821095902752933,-0.503565933809311,False
2024-02-16,15.953537867672578,18.949394277856573,-0.3160932201971928,False
2024-02-17,34.0749023932176,19.30179447631552,1.50096064182157,False
2024-02-18,23.850594527089637,19.671620156038223,0.42658595550088957,False
2024-02-19,8.318483131770892,19.618469222924467,-1.1465961844005648,False
2024-02-20,23.61877589990407,19.012528673378444,0.5139153082415164,False
2024-02-21,16.56776367073926,18.966740222647907,-0.2673784994675547,False
2024-02-22,14.31830802462924,18.751507626826942,-0.4923195554783151,False
2024-02-23,27.271389375433632,19.332169890447066,0.8848276196118694,False
2024-02-24,33.63273206069231,19.943283495875953,1.4709412772499992,False
2024-02-25,31.99693316323807,20.302148701023302,1.2230452588870768,False
2024-02-26,13.202302396885194,20.365671581127742,-0.7535391718242017,False
2024-02-27,17.208334184479988,20.13140807372461,-0.3078794743428248,False
2024-02-28,23.703713312058685,20.425699160253398,0.3464236953086258,False
2024-02-29,32.713000364573745,20.93747485701815,1.2135922285543652,False
2024-03-01,15.806367751330088,20.968785776246953,-0.5330727105641212,False
2024-03-02,18.30493163270797,19.888589848598045,-0.20060838589828425,False
2024-03-03,11.551698853064286,19.608631684412714,-1.0021565910165615,False
2024-03-04,11.04410374662785,19.582235615685104,-1.0583699935819564,False
2024-03-05,30.152351430611244,19.577187997875242,1.3119978094823268,False
2024-03-06,39.571929436239465,20.532622601435403,2.195255783329691,True
2024-03-07,19.37522017817798,20.435245059975895,-0.12227983712331965,False
2024-03-08,33.17400041010233,21.289726127216074,1.3791461400036522,False
2024-03-09,24.066432145197723,21.747312773829535,0.2768540689654485,False
2024-03-10,14.547804993698547,21.493468222391147,-0.8192168746247444,False
2024-03-11,24.063539298811897,21.327044838855276,0.32681595856633416,False
2024-03-12,43.33749879616413,22.042213719309594,2.292650876069615,True
2024-03-13,19.728947637965696,22.06794366281692,-0.2520273266676696,False
2024-03-14,43.91789323912589,22.95593196251524,2.0859189451603863,True
2024-03-15,5.420171450881061,22.81693188643609,-1.6944349161521166,False
2024-03-16,30.294047836771455,23.359590306995415,0.6787974903126632,False
2024-03-17,20.979033497809603,23.527106827999987,-0.25151206267179793,False
2024-03-18,17.296364324536246,22.96782222571061,-0.5676676330417891,False
2024-03-19,21.028536332509873,22.873753619224612,-0.18460492375134724,False
2024-03-20,7.435126119394248,22.844308385478723,-1.5346190973604414,False
2024-03-21,17.996261755564944,22.65689124733409,-0.46243306058061934,False
2024-03-22,24.01206195983497,22.905034523637276,0.11053862413065138,False
2024-03-23,42.05368525325122,23.829547097924678,1.741452205154979,False
2024-03-24,15.500385442330984,23.43718030015459,-0.7521801883974131,False
2024-03-25,13.406681452579269,22.76297861321749,-0.8890482983011315,False
2024-03-26,15.628895525918004,22.21737735864015,-0.6303098988676982,False
2024-03-27,31.743915172164098,22.835431117816118,0.8525268556910711,False
2024-03-28,23.673956328568455,23.0509518559524,0.059927415563153605,False
2024-03-29,15.411591145909,22.774547783747412,-0.7020457790687429,False
2024-03-30,25.961994446362084,22.54951425314035,0.3300709955997679,False
2024-03-31,21.084512678052498,22.725452417364433,-0.15986457649517022,False
2024-04-01,32.60033274643546,23.20196578782202,0.9051337540214097,False
2024-04-02,14.139516315536408,23.28822636990442,-0.8887730782844627,False
2024-04-03,17.050319229654068,23.48843355267196,-0.6371881045645247,False
2024-04-04,16.509664280849464,23.03367731434657,-0.6458978420631221,False
2024-04-05,9.662404457869478,22.036693148400904,-1.2517215474830143,False
2024-04-06,23.290839727611278,22.16721380004868,0.11378135269254414,False
2024-04-07,22.8860518641843,21.824282181851412,0.10995841402709079,False
2024-04-08,20.13695588843878,21.69329963995945,-0.16125760182506294,False
2024-04-09,17.862551623707773,21.803791194293087,-0.41117053273476417,False
2024-04-10,9.897820971000689,21.331600583366047,-1.1647647633842813,False
2024-04-11,16.275767392848085,20.42954286992218,-0.4652722084749834,False
2024-04-12,16.922477058791333,20.33599385061637,-0.38140300403904165,False
2024-04-13,13.448416481365145,19.320344625357677,-0.7488019970450092,False
2024-04-14,18.52937191535092,19.75731797417334,-0.1660984042502282,False
2024-04-15,24.582269435301736,19.566925360791014,0.6982503670567545,False
2024-04-16,51.577882692301465,20.58688700060741,3.34610446922982,True
2024-04-17,21.917576753801683,20.740927414916257,0.12729325905767455,False
2024-04-18,22.84598053635007,20.801508888377597,0.22098781589961816,False
2024-04-19,19.351637517390323,21.198725934977467,-0.20736915403788092,False
2024-04-20,7.695335702156365,20.85536173319718,-1.4261383056841133,False
2024-04-21,19.82102141778208,20.71566038179542,-0.0971377358859715,False
2024-04-22,20.69961508085208,20.003858042715443,0.08400335138741757,False
2024-04-23,68.82871700921966,21.78146909494507,3.8825877063162144,True
2024-04-24,18.243694575373762,21.942702865704884,-0.3073768470028073,False
2024-04-25,23.35412600715715,22.20021054841286,0.09634533501874024,False
2024-04-26,19.739942381828016,21.80007812206832,-0.173897428476227,False
2024-04-27,11.19716903020444,21.384185212122855,-0.8491412027984261,False
2024-04-28,35.566756921391594,22.056024071305607,1.1062360962630826,False
2024-04-29,29.252543183520483,22.16570902921089,0.5778470835359475,False
2024-04-30,29.83004101612506,22.457226640479973,0.5974091563190069,False
2024-05-01,12.747131585434296,21.795453268446597,-0.7349838377564385,False
2024-05-02,40.503855028360526,22.67426455887407,1.4060089953943729,False
2024-05-03,9.964955306468376,22.438085761434547,-0.9703584065407127,False
2024-05-04,26.9350536213797,22.78559873945222,0.3234371267494495,False
2024-05-05,60.05301845181841,24.465285872583852,2.4939382364861187,True
2024-05-06,12.24027614180474,24.09693375305697,-0.82094840402618,False
2024-05-07,15.13259664273221,23.838485245675233,-0.5989960488688627,False
2024-05-08,21.111663970207392,23.870975515067517,-0.18994808920600664,False
2024-05-09,15.61547130227253,23.796072837686342,-0.5616826646409959,False
2024-05-10,9.250413788973981,23.774492598285455,-0.9957396674071278,False
2024-05-11,20.786037502899617,23.92483493528717,-0.21603078773225615,False
2024-05-12,11.808836924950729,23.75438026415915,-0.815733687138147,False
2024-05-13,25.45204810297765,24.1545013182129,0.08938702228759837,False
2024-05-14,12.683321756543842,23.959632979585997,-0.7706114603461668,False
2024-05-15,43.59607845027499,24.59342661341844,1.2612774598529195,False
2024-05-16,13.576947989514531,23.32672878999221,-0.6819424290936132,False
2024-05-17,17.09813241243649,23.166080645280037,-0.42313472546389513,False
2024-05-18,30.167301580534485,23.410124680086184,0.4693457296234197,False
2024-05-19,10.854370845638346,23.126882457694453,-0.8427620240895278,False
2024-05-20,22.50483032547871,23.62053227847186,-0.07818974511933077,False
2024-05-21,38.6123192513147,24.24690887292295,0.9902344662172209,False
2024-05-22,8.991308447990036,23.856631985160885,-1.007062762946815,False
2024-05-23,22.028056344742485,22.29660996301164,-0.022245021247747156,False
2024-05-24,22.872639100736155,22.450908113857054,0.03500278546126379,False
2024-05-25,29.693003209665005,22.662204020607316,0.5800868303696175,False
2024-05-26,10.821389064919204,22.36491891004369,-0.9383145156577642,False
2024-05-27,10.378866729043649,22.337642166671667,-0.969978840237473,False
2024-05-28,26.074837864110133,22.021244864762284,0.3350819625082839,False
2024-05-29,23.300908159545173,21.82285703062977,0.12293310714002056,False
2024-05-30,22.765504395719457,21.58737247661625,0.09875538752571916,False
2024-05-31,23.884366050511463,21.958613625452156,0.1629510683415175,False
2024-06-01,14.296112386353215,21.085022204051914,-0.5976369075809275,False
2024-06-02,22.558836429214136,21.50481824147677,0.09439937012806544,False
2024-06-03,23.25537380325288,21.382162247539213,0.16839452619224446,False
2024-06-04,14.052836914029246,19.84882286294624,-0.6849898120100856,False
2024-06-05,51.05417151502191,21.14261937538681,2.9697582043762845,True
2024-06-06,25.455108772033483,21.486703113030185,0.39542064174447117,False
2024-06-07,11.07121228316103,21.152021390128645,-0.9868950414950232,False
2024-06-08,27.89023992970798,21.561180344376492,0.6186111847408919,False
2024-06-09,12.33769444209586,21.664089699480552,-0.92177355256097,False
2024-06-10,29.7712243713093,21.96359592842754,0.7636994453822139,False
2024-06-11,35.84835891268466,22.764913328018675,1.2651421128404652,False
2024-06-12,13.32522480493636,22.360685884750634,-0.8630644103110889,False
2024-06-13,32.51456245837745,23.02172724147842,0.9072750841810666,False
2024-06-14,24.689806433903332,22.39151817426603,0.23634344176290695,False
2024-06-15,30.296435944330756,22.948834439426566,0.7589890642804246,False
2024-06-16,51.85215475714896,24.107301850916986,2.533215103464362,True
2024-06-17,17.766345083936034,23.693936634363705,-0.5413403908925424,False
2024-06-18,13.778810179178459,23.791417945481708,-0.9233228743817676,False
2024-06-19,12.87442499779731,23.470404434558994,-0.9611263880231078,False
2024-06-20,13.357724844248374,22.628584620990118,-0.859195012027639,False
2024-06-21,19.32595759331068,22.97307292583414,-0.3473157039859712,False
2024-06-22,23.821201117603437,23.032844418262833,0.07507870314801142,False
2024-06-23,23.065670801197076,23.0392788082782,0.0025134366296261593,False
2024-06-24,30.374141093934227,23.06198340442051,0.6953384317983111,False
2024-06-25,20.216537264584566,23.375155011076018,-0.3073773454598959,False
2024-06-26,41.544578796562085,24.4140120799933,1.6330404469201811,False
2024-06-27,17.595999646224477,24.13138413939711,-0.6190161823918907,False
2024-06-28,78.26375394930282,25.963478999055702,3.6175633566249785,True
2024-06-29,27.46283603792326,26.120056720462497,0.09294568525043975,False
2024-06-30,13.08440707725458,25.760058088020603,-0.8659500263675952,False
2024-07-01,11.758233880579189,25.67546213782813,-0.9458795806058304,False
2024-07-02,25.56530624726067,25.775677798429683,-0.014309232813588087,False
2024-07-03,17.96218307122328,25.59923810736203,-0.5172501561085371,False
2024-07-04,28.70295981946151,26.087575537543106,0.1789993818350234,False
2024-07-05,25.447533232991297,25.234020928142083,0.01543904402586252,False
2024-07-06,19.367289672951536,25.031093624839354,-0.4083309542459553,False
2024-07-07,13.152385394125265,25.10046606187149,-0.8655874051194623,False
2024-07-08,9.417563352423148,24.484710175962,-1.069815782454185,False
2024-07-09,16.06659905149619,24.609006996275344,-0.6106471479337235,False
2024-07-10,30.821096202748556,24.64400272398999,0.4411021401140741,False
2024-07-11,22.354929858596115,24.194221755520363,-0.13282660902858606,False
2024-07-12,10.773943828665569,24.10917905631134,-0.9577164993741885,False
2024-07-13,21.902273909702224,23.755436104688833,-0.13392201437365,False
2024-07-14,24.35308875806262,23.74421218216081,0.04400359200298856,False
2024-07-15,12.910891815399422,23.164694044529767,-0.7367861772243963,False
2024-07-16,21.69024353959329,22.159297003944573,-0.03658990917942598,False
2024-07-17,20.678703602807982,22.256375621240306,-0.1232961376831323,False
2024-07-18,11.342024969359413,22.17514944757967,-0.8424518782945266,False
2024-07-19,24.02016486237151,22.546674109732145,0.11564469099537253,False
2024-07-20,26.586199441973417,22.987623262989647,0.28467341723036754,False
2024-07-21,34.51954279848337,23.49407610316207,0.8618522707656232,False
2024-07-22,34.01838201494876,23.833982133073583,0.7872661686279073,False
2024-07-23,10.086171386468889,23.401332152582643,-1.0104245816570394,False
2024-07-24,12.567165249714785,22.80776629110866,-0.7726596501483926,False
2024-07-25,25.984952841007676,23.000046810322765,0.22516281542130603,False
2024-07-26,25.9687261970646,22.480851723672846,0.2724358546276343,False
2024-07-27,25.985114196338625,22.760488875343317,0.2522434446507915,False
2024-07-28,137.87751868954587,24.74761436668475,5.009106230480495,True
2024-07-29,26.720879280906892,24.722882474784207,0.0884767076478707,False
2024-07-30,35.43793370812401,25.468000029146523,0.44205344643996947,False
2024-07-31,32.3625173679534,26.154809478725664,0.2766949275520334,False
2024-08-01,27.81834306670915,26.22991070604061,0.07079542167428222,False
2024-08-02,17.156298706148593,26.203047893871453,-0.4030153161150829,False
2024-08-03,29.355637618968125,26.224803820521675,0.13945510298586472,False
2024-08-04,13.647923598462695,25.831483499370723,-0.539869034188116,False
2024-08-05,17.842632833748052,25.780661604730607,-0.35148296731361317,False
2024-08-06,15.757528106367712,25.867499695138687,-0.44855212006512307,False
2024-08-07,20.924842086267113,26.251075652933487,-0.23834631600506345,False
2024-08-08,63.90063401595895,27.845543485082246,1.54863658697972,False
2024-08-09,7.8960876585065485,27.08137653360751,-0.8144746587806904,False
2024-08-10,28.307593640832675,27.279798659682065,0.043662947336378585,False
2024-08-11,8.967815069508275,27.219594367710155,-0.7738647772297547,False
2024-08-12,15.863709308947211,27.018308881018317,-0.4714971249559106,False
2024-08-13,34.62151461435815,27.360589742894838,0.30646902361502054,False
2024-08-14,20.741572291513705,27.62161242543198,-0.29189402288807836,False
2024-08-15,11.718017458810612,27.28920488940589,-0.6562736467711238,False
2024-08-16,14.04614731006821,27.0681196796479,-0.5466569945054659,False
2024-08-17,28.213451689233178,27.63050057031036,0.024664257650181834,False
2024-08-18,13.940756667133522,27.294520297135758,-0.562030277529981,False
2024-08-19,22.38137846933416,27.154359598047783,-0.20074292920976455,False
2024-08-20,20.548458376476365,26.688656783980882,-0.25838050661778356,False
2024-08-21,14.50074208216168,26.03806878622131,-0.4842798400520579,False
2024-08-22,58.67255347516495,27.657614855844518,1.2738412897534241,False
2024-08-23,27.576377295880977,28.157921924050054,-0.024050224063484383,False
2024-08-24,7.296747541941956,27.53498174741453,-0.8268185421150559,False
2024-08-25,22.04811602908412,27.404294741815185,-0.2186521353778158,False
2024-08-26,14.427076703544767,27.01902682538872,-0.5116585795609311,False
2024-08-27,30.760046840153837,23.448444430408987,0.5621488750407208,False
2024-08-28,13.514181705785228,23.008221177904932,-0.723907438228092,False
2024-08-29,18.96569420994907,22.459146527965764,-0.2703904656052982,False
2024-08-30,25.854731979204246,22.24222034834079,0.28218091571775533,False
2024-08-31,30.96562124758374,22.34712962103662,0.67006686056416,False
2024-09-01,11.021542828065574,22.14263775843385,-0.85575943865513,False
2024-09-02,16.992114475829414,21.730520320329223,-0.3657607773977454,False
2024-09-03,15.839825096212195,21.80358370358754,-0.46180957060659666,False
2024-09-04,14.488212441014399,21.691769690496418,-0.5556673164716488,False
2024-09-05,48.55645395726399,22.785067218859627,1.8672185316992784,False
2024-09-06,24.593713351965565,22.90736292771624,0.12218848030105846,False
2024-09-07,10.692665325650246,21.13376397137262,-0.9005702915429915,False
2024-09-08,31.782981498518648,21.92999376603969,0.8587969730729929,False
2024-09-09,58.036846800915356,22.92096887137578,2.6608520182335442,True
2024-09-10,33.65738948255987,23.743954685144164,0.7587037946310256,False
2024-09-11,9.396290812826908,23.528374068606823,-1.0663470308782115,False
2024-09-12,15.766429486338877,22.89987123100618,-0.5422480740852862,False
2024-09-13,37.84336149199969,23.469930871022378,1.0705425498499026,False
2024-09-14,14.099865624911777,23.54932580989242,-0.707226110936733,False
2024-09-15,25.075962402613253,23.916986312977254,0.08752269985584421,False
2024-09-16,29.58646599040717,23.962753456349716,0.42411974818437337,False
2024-09-17,12.635808961186006,23.9192551994848,-0.8486454958021541,False
2024-09-18,19.496546005723797,23.823094117364455,-0.32487079610507386,False
2024-09-19,3.972383649311092,23.270558293125614,-1.399062019966775,False
2024-09-20,12.034844846957373,23.188361718618804,-0.8050218387169771,False
2024-09-21,17.702677942169128,21.822699200852277,-0.3390658901484587,False
2024-09-22,10.762936312669689,21.26225116807857,-0.8561234083302419,False
2024-09-23,45.43149795149162,22.533409515063557,1.7982295206153507,False
2024-09-24,9.824991680825848,22.125972036788276,-0.9503545833124661,False
2024-09-25,16.1186624110148,22.182358227037284,-0.4695981282100542,False
2024-09-26,21.44240039468564,21.87177001218834,-0.033516368186426414,False
2024-09-27,41.29067322386991,22.797653062791163,1.402665911099928,False
2024-09-28,9.79692856100452,22.49202754115968,-0.9487483872432968,False
2024-09-29,35.93033325057268,22.82788091687196,0.9639139212726885,False
2024-09-30,20.188568543103152,22.468645826722604,-0.1687363789099811,False
2024-10-01,12.295651637610598,22.511116120374105,-0.7579701297534238,False
2024-10-02,25.30625851133603,22.788254254890997,0.1872757010071265,False
2024-10-03,22.1875173184843,22.999843995633398,-0.06070238926663796,False
2024-10-04,14.87811827538444,23.012840856779064,-0.6082601583653932,False
2024-10-05,20.798919588445738,22.087589711151793,-0.10329492176152648,False
2024-10-06,16.56584758344639,21.819994185534487,-0.42012705630650193,False
2024-10-07,21.258539482042913,22.172189990747576,-0.0741031221987471,False
2024-10-08,27.968121319501083,22.045027984780322,0.4836639704223394,False
2024-10-09,44.38974206052406,21.590124493433947,2.0616035174731215,True
2024-10-10,10.816710972955347,20.828768543113792,-0.9113685543451143,False
2024-10-11,58.35334521943885,22.460670356667524,2.820172878629265,True
2024-10-12,7.568206370739748,22.18739625281422,-1.12787887481428,False
2024-10-13,18.617601537879313,21.546537587676877,-0.23186644803470194,False
2024-10-14,26.954724907802234,21.975032897106555,0.39557038537677247,False
2024-10-15,23.11532769044041,21.90967840670079,0.09586092286642188,False
2024-10-16,14.711805108303285,21.413856377297336,-0.5337228223885322,False
2024-10-17,18.10048755811398,21.596012330528264,-0.2804329176976443,False
2024-10-18,15.69746968288958,21.46937645310046,-0.46152953232030847,False
2024-10-19,14.959067257843193,21.835599240051526,-0.5668447196494664,False
2024-10-20,30.71653314353557,22.458322183270802,0.6830489114736433,False
2024-10-21,24.010896376044165,22.668596131066636,0.11130670049927062,False
2024-10-22,14.204306629160195,22.783308474949653,-0.7174120816515203,False
2024-10-23,31.494090898693706,22.31872823985639,0.811929304760085,False
2024-10-24,23.421391242454803,22.771941558577353,0.058761687772385704,False
2024-10-25,30.15742192118995,23.239900208916524,0.6255643689769677,False
2024-10-26,27.517286879064518,23.44239642506249,0.367783194701191,False
2024-10-27,13.26995549508026,22.5083725007695,-0.8635980773472721,False
2024-10-28,15.178948182880308,22.687773154832026,-0.7137170196563011,False
2024-10-29,29.184764300144774,22.462920856484434,0.6527539980004458,False
2024-10-30,27.253586652321175,22.69842146012503,0.44119482350749234,False
2024-10-31,19.876720106170964,22.951123742410378,-0.30282056402581375,False
2024-11-01,21.299076003443062,22.817550992147275,-0.14964968650565882,False
2024-11-02,38.0473884740909,23.34621336400083,1.3975521347099933,False
2024-11-03,14.942571781937321,23.348361814219256,-0.7992232560103388,False
2024-11-04,26.404876013662854,23.535227028393162,0.27277017051065633,False
2024-11-05,18.1542314954496,23.58817315879327,-0.5181076938199359,False
2024-11-06,18.01418311368812,23.480027946514777,-0.5190958243970343,False
2024-11-07,34.79203307670951,23.707491671755058,1.0357315164162098,False
2024-11-08,30.347318908030825,23.239410900005282,0.706986275711359,False
2024-11-09,30.167187226028247,23.884426775107713,0.6379760835150916,False
2024-11-10,38.58020818208354,23.225322207195873,1.9343686252358447,False
2024-11-11,20.297585149447826,23.649634833152803,-0.45336566641709775,False
2024-11-12,28.24669573581152,23.970604639750544,0.5796748412640874,False
2024-11-13,17.1992645073282,23.645422626401412,-0.8646494747198123,False
2024-11-14,23.619748813855235,23.66223666384857,-0.005699579251365776,False
2024-11-15,18.82015693421526,23.799181724712305,-0.6801013473891534,False
2024-11-16,21.083652612407533,23.898620559855424,-0.3876861752204937,False
2024-11-17,27.047065435064514,24.27694041826125,0.38944139673147915,False
2024-11-18,13.341635823018324,24.22302603710043,-1.513021495796212,False
2024-11-19,57.17939680842048,25.10512149259659,3.4403850577096238,True
2024-11-20,12.145895687864229,24.709621469657257,-1.3062860435718175,False
2024-11-21,10.94525132888524,24.600986292981425,-1.3994352105523788,False
2024-11-22,35.83967201687677,24.74583899692086,1.121135493757486,False
2024-11-23,29.839450102980752,24.959774292271728,0.4911673402081002,False
2024-11-24,27.44159446586401,24.869246710427532,0.2598812772499873,False
2024-11-25,27.499635626303384,24.868658335335493,0.2658089092464416,False
2024-11-26,19.962921213900707,25.091757192629508,-0.528690139106556,False
2024-11-27,12.824697631107679,25.013282174237084,-1.2446140780214343,False
2024-11-28,20.861435833288876,24.735837892008554,-0.39580316851666447,False
2024-11-29,14.316591998025674,24.30460473686537,-1.0030666855965709,False
2024-11-30,32.70604315228158,24.73224883840239,0.7945242320990307,False
2024-12-01,18.66166293815711,24.644335069559528,-0.5936068836565083,False
2024-12-02,13.293183720077693,23.819194911092424,-1.0572606192985758,False
2024-12-03,17.10390977477045,23.891239510853527,-0.685787972223467,False
2024-12-04,24.691664749267293,23.834132468707004,0.08673279489002897,False
2024-12-05,15.15207859596565,23.73406070539087,-0.8615198882844048,False
2024-12-06,13.31498113200445,23.577420639334754,-1.0170298831751878,False
2024-12-07,22.68816914866041,23.17395850839978,-0.049237655153548915,False
2024-12-08,22.702686955233307,22.919137443306532,-0.022148175037638978,False
2024-12-09,15.588421268866648,22.433178578067814,-0.7011305229583639,False
2024-12-10,15.87079848188221,21.676198254727765,-0.6216642339740872,False
2024-12-11,22.55653825424753,21.751496691554426,0.08622899634792405,False
2024-12-12,9.73724116174564,21.134514872418897,-1.1994383664422252,False
2024-12-13,9.937029299908717,20.89244036550491,-1.1298424732755432,False
2024-12-14,14.024108570790263,20.572585690736084,-0.6708552852643763,False
2024-12-15,18.052359999810694,20.54699245958926,-0.2554106478821645,False
2024-12-16,23.463682091323726,20.626326775553135,0.29007931614196303,False
2024-12-17,42.00035658955288,21.124769814036082,1.9926854825222797,False
2024-12-18,30.840532392612683,21.70806636635589,0.8685265769117919,False
2024-12-19,18.54185733531352,20.420148383918992,-0.231542114721667,False
2024-12-20,19.89546658638866,20.678467413869804,-0.09834823188910986,False
2024-12-21,12.167096714356044,20.7191955933855,-1.0807680279899503,False
2024-12-22,19.900471641028815,20.18788891419057,-0.03894605958699266,False
2024-12-23,17.386093813075956,19.772777037860408,-0.33308458683141123,False
2024-12-24,23.60265675757486,19.644812447584105,0.5608250940935778,False
2024-12-25,13.28166520624439,19.1708801002488,-0.8426923447024552,False
2024-12-26,26.04102703212969,19.373483627523104,0.9391505051997225,False
2024-12-27,43.22285717079877,20.386755612179474,2.7800132023784716,True
2024-12-28,19.02245123974589,20.325456125728035,-0.15856304031026688,False
2024-12-29,24.553535621730195,20.666687579851523,0.4756370380152346,False
2024-12-30,28.362617584066655,20.521906727577694,0.9816077382120856,False
2024-12-31,16.43461471783979,20.44767178690045,-0.5006430403789174,False
2025-01-01,22.466970230567764,20.75346467058345,0.21668784300613655,False
2025-01-02,20.212398442299715,20.857080959501094,-0.0818274936484805,False
2025-01-03,21.09082368147317,20.73705292390796,0.045092288558968165,False
2025-01-04,13.646664162602267,20.686872442795845,-0.8926186452926979,False
2025-01-05,20.333201403454826,20.920813118510857,-0.07568350499529669,False
2025-01-06,25.76454045550124,21.023358828738886,0.607189678174463,False
2025-01-07,41.494952938352505,21.649767694842854,2.292759401013464,True
2025-01-08,32.44788984162442,22.21174998060145,1.1639020709675698,False
2025-01-09,58.944199709856704,23.64753002153393,3.2173891559748338,True
2025-01-10,13.685354118508284,23.35182388367596,-0.8693210588245465,False
2025-01-11,31.06743978075269,24.062830504309524,0.6426980785561973,False
2025-01-12,22.013832435968947,24.465390608844867,-0.23177532073071766,False
2025-01-13,60.03342356920644,25.999034442125403,2.785305162595947,True
2025-01-14,13.40799079651996,25.84422213534905,-1.0068095713136773,False
2025-01-15,13.198973730885267,25.502065190001098,-0.9794877936230926,False
2025-01-16,14.884251047473315,24.59819500526511,-0.7893901278482819,False
2025-01-17,6.945209475740443,23.801684241369376,-1.3318957955885713,False
2025-01-18,15.442485184035618,23.69837183632678,-0.6494081084501435,False
2025-01-19,13.74168163747308,23.49324567136292,-0.7603223968216603,False
2025-01-20,21.65414504654364,23.80948061576918,-0.17034911189003354,False
2025-01-21,23.828396218188495,23.94041143500783,-0.00886833368325612,False
2025-01-22,51.32025043505229,25.071549989073713,1.942561521950701,False
2025-01-23,32.304673788435,25.36161722343571,0.5115320489788083,False
2025-01-24,15.052561441605532,25.420647097947754,-0.7667300863837258,False
2025-01-25,12.817259541470737,24.97985484825912,-0.8867645458741418,False
2025-01-26,25.686346490099282,24.395304492235805,0.09723090910462792,False
2025-01-27,10.380026144678023,24.107223655733545,-1.0175272791132164,False
2025-01-28,50.18566273049391,24.96162789269233,1.7630597233599614,False
2025-01-29,36.223933991960166,25.223671772955452,0.7616457300379896,False
2025-01-30,15.885586266221054,25.20537082456816,-0.6447617180201795,False
2025-01-31,8.528664084424122,24.740760619696704,-1.0979104506967854,False
2025-02-01,39.52511082774829,25.384517699211656,0.9438699591596906,False
2025-02-02,18.9675585934217,25.313742196276607,-0.42286797531440745,False
2025-02-03,37.29682326955268,26.102080833174956,0.7465827883939022,False
2025-02-04,9.050193788738165,25.72598057935107,-1.0911289624394371,False
2025-02-05,14.884382196835583,25.363308637395544,-0.679978505526442,False
2025-02-06,20.13826728067355,24.651419115472912,-0.298281398266986,False
2025-02-07,20.562937335236978,24.255254031926665,-0.24493252549602287,False
2025-02-08,16.03810196793208,22.82505077386251,-0.4976847289752466,False
2025-02-09,27.424176165715643,23.283011508769423,0.3056223260101051,False
2025-02-10,11.77748649965551,22.64001306606618,-0.7972330100970262,False
2025-02-11,18.705362687653494,22.529730741122332,-0.2802986613375583,False
2025-02-12,21.330709946154123,21.23964028702059,0.007809645850610048,False
2025-02-13,25.977204852717744,21.658614088893852,0.3724301607939353,False
2025-02-14,28.668743110358356,22.174273068209622,0.5622715399722201,False
2025-02-15,11.446442168598148,22.059679438913783,-0.9116392768518865,False
2025-02-16,9.327275102872408,22.139081626484842,-1.1099211250506786,False
2025-02-17,38.04761535343903,22.89258596546496,1.281594614795143,False
2025-02-18,23.71616791330553,23.225068841326046,0.0419796010050056,False
2025-02-19,13.815024498801456,22.96376482306797,-0.7738927260710631,False
2025-02-20,43.62262718031969,23.623572521805677,1.6116027703143885,False
2025-02-21,21.281482260502237,22.622280249320674,-0.1191202921217433,False
2025-02-22,36.221345220446416,22.752835963721054,1.1820829661190846,False
2025-02-23,20.775184897565385,22.943590078919716,-0.19175686345210985,False
2025-02-24,56.281954649306115,24.392413249180894,2.5172272466728494,True
2025-02-25,48.311538343169246,25.146586310949893,1.7286618905576152,False
2025-02-26,17.734606953036526,25.391739004561842,-0.5806744378628287,False
2025-02-27,32.64806129255321,24.80715228996382,0.6315286108374815,False
2025-02-28,27.734800899064552,24.524181186867303,0.26226029491596503,False
2025-03-01,39.817868895810264,25.321923941186938,1.1654591633322655,False
2025-03-02,12.398038439193458,25.450903086345917,-1.0632104457854084,False
2025-03-03,28.304639467658575,25.076887374342927,0.2689546383047345,False
2025-03-04,34.09709682010588,25.581205315232403,0.7065196570517093,False
2025-03-05,8.336389898654726,24.615857536202466,-1.3299242239924978,False
2025-03-06,11.115835837754876,24.68471227116969,-1.1162436918854441,False
2025-03-07,7.245524088546053,24.43008366756004,-1.38086538591896,False
2025-03-08,17.554258723427843,24.343950048985185,-0.5438547423046375,False
2025-03-09,28.753834374492033,24.616979950293686,0.3312555367783614,False
2025-03-10,42.57122374366147,25.501417342818,1.3340306238460689,False
2025-03-11,20.84360924459062,25.282065112113834,-0.3462687729882982,False
2025-03-12,45.34535622655512,26.400994103010483,1.450423986667058,False
2025-03-13,10.073913601405563,26.11327913346889,-1.20334818424004,False
2025-03-14,8.570351786118092,25.687933861467688,-1.2507680583125986,False
2025-03-15,19.535359877957205,25.473205695642335,-0.4324276224703552,False
2025-03-16,24.337849337417033,25.328842569877622,-0.07223284004407636,False
2025-03-17,19.759860369086006,25.605956509893886,-0.4326678731592385,False
2025-03-18,7.1440436242966845,25.5331821272747,-1.3513498110284994,False
2025-03-19,19.210172957305538,24.905267380736912,-0.423608671606482,False
2025-03-20,10.462163258682558,24.46346722558281,-1.021993021208611,False
2025-03-21,28.0737864503974,24.93875929063601,0.23111991786566055,False
2025-03-22,24.126217759972373,24.288878976624435,-0.0124192693902942,False
2025-03-23,12.554260710884165,23.997971591637164,-0.8628643546654984,False
2025-03-24,15.534549468023075,23.308411733223053,-0.5915163020739387,False
2025-03-25,11.827096813693709,23.010142130427333,-0.8406848835157879,False
2025-03-26,19.465826701963884,21.782937865515926,-0.19749361845319197,False
2025-03-27,32.38097827937441,21.251919196722767,1.0290263865031692,False
2025-03-28,12.269751143726083,21.069757336412415,-0.8057199766676422,False
2025-03-29,25.842573245460702,20.84290773484266,0.4654167943270102,False
2025-03-30,15.407758647249723,20.432006326448835,-0.4693222780554641,False
2025-03-31,13.51180278519654,19.555137456095046,-0.5969154098245041,False
2025-04-01,19.038910765314412,19.776499866965747,-0.07350463492012291,False
2025-04-02,11.969704574714239,19.23200203720093,-0.7263022239256801,False
2025-04-03,15.22860165198537,18.603052198263583,-0.3508514619619303,False
2025-04-04,11.034878770121445,18.693001827312475,-0.8035143720069016,False
2025-04-05,53.643621253749124,20.110594674512285,2.9535690998354296,True
2025-04-06,20.442821132362045,20.550504575972816,-0.009709652140356661,False
2025-04-07,14.155981363928326,20.437228663989497,-0.5638839148295063,False
2025-04-08,22.353657526013578,20.223889435706884,0.19299617038010097,False
2025-04-09,18.98854637741199,19.43780019016523,-0.044059288736584594,False
2025-04-10,17.98458856340435,19.342499500792357,-0.13317627378524394,False
2025-04-11,27.305369013665942,18.741166593696054,0.9431030116799086,False
2025-04-12,29.334193669547396,19.38317592930078,1.0901997257029041,False
2025-04-13,15.405882641605604,19.61102695781703,-0.4708117334968839,False
2025-04-14,15.060732796854857,19.461872721780285,-0.4906359857684948,False
2025-04-15,17.504782887138617,19.23410384010434,-0.19367783783080472,False
2025-04-16,6.353713325328321,18.787232271979082,-1.346790319916086,False
2025-04-17,9.415944435808864,18.862962299029487,-1.0333598334688223,False
2025-04-18,39.7828984881833,19.548719816725413,2.042112821443727,True
2025-04-19,45.717623436684754,20.72390182265882,2.305593153537563,True
2025-04-20,17.733969484493954,20.379241257128704,-0.24577851296379585,False
2025-04-21,26.796692923557455,20.468257095914872,0.5856493986856359,False
2025-04-22,23.46770163462966,20.832038460039726,0.24601241027152115,False
2025-04-23,93.63838581059676,23.435499671458846,4.125405286160521,True
2025-04-24,35.15572420278527,24.213120584428566,0.6436270830723356,False
2025-04-25,18.841110370218345,24.192296706703715,-0.3146301603829126,False
2025-04-26,12.45634061607081,23.528142117926926,-0.6487638467028101,False
2025-04-27,8.995971264790096,23.419016121962397,-0.8409582938167476,False
2025-04-28,22.23642739875882,23.298811260405667,-0.06196179036448694,False
2025-04-29,13.760809040955966,23.243912940195873,-0.5521605746487321,False
2025-04-30,9.863816327511133,23.12231339160636,-0.7682286200228234,False
2025-05-01,14.537238909338203,22.972257663073822,-0.4871583585601948,False
2025-05-02,11.695755499843829,22.963126027244808,-0.6505105748700087,False
2025-05-03,46.69190539023781,24.01190281851989,1.2753949344273892,False
2025-05-04,31.21253816881681,24.684491465143065,0.3697329188577252,False
2025-05-05,20.005628907720467,23.56322505360878,-0.21174878867749408,False
2025-05-06,42.096814361188265,24.285024827902983,1.0401423933173608,False
2025-05-07,20.877753240987797,24.509083890471636,-0.2132189317156614,False
2025-05-08,13.057437559282898,24.19920989158061,-0.6494509416086154,False
2025-05-09,43.01556550306087,25.000110529102244,1.0316865308434282,False
2025-05-10,26.297004144564642,25.27719104847425,0.058566655693974075,False
2025-05-11,11.957717942543377,24.76560267943683,-0.7287180511222228,False
2025-05-12,18.26215089522044,24.396534586959266,-0.3486849752231931,False
2025-05-13,12.964189120578594,24.315144802925033,-0.6434227981077452,False
2025-05-14,10.060331682120884,24.148464765767237,-0.7934639607191957,False
2025-05-15,31.9154038887253,24.628818799153457,0.4101831887985568,False
2025-05-16,52.18047173680425,26.156377412869322,1.437350499280359,False
2025-05-17,9.981328653650289,26.175223553464036,-0.8952907968652888,False
2025-05-18,26.615256881782503,25.736302166584004,0.04908960322994665,False
2025-05-19,14.507687994574399,24.69597098518033,-0.5786055438549086,False
2025-05-20,15.74365312898646,24.629627106663413,-0.5037629296593839,False
2025-05-21,14.936427648314234,24.234284930821975,-0.5246603114885111,False
2025-05-22,13.039779086818356,23.886687512561593,-0.6080410982938151,False
2025-05-23,20.578787535516167,21.45136757005891,-0.07253722429271099,False
2025-05-24,13.256989752048238,20.72140975503434,-0.630870445696633,False
2025-05-25,22.99388734251516,20.859835654110903,0.18034026069164608,False
2025-05-26,19.58729115122203,21.097534005282608,-0.1287502426072535,False
2025-05-27,17.8236455344626,21.391789814271693,-0.3096028967776927,False
2025-05-28,12.758760950120612,21.075867599317085,-0.7151194973503866,False
2025-05-29,15.053557390356804,21.118959210963784,-0.5226675973645057,False
2025-05-30,29.303167410063292,21.766937580382187,0.6555071510849626,False
2025-05-31,25.802169919869062,22.142435280733213,0.32000970493191894,False
2025-06-01,12.31998052819811,22.16324278167836,-0.862142262340583,False
2025-06-02,21.108296298689098,21.310455811960068,-0.01937296221011538,False
2025-06-03,29.24455965523521,21.244856528174015,0.7709246023714308,False
2025-06-04,8.71719367131331,20.868575353627104,-1.1436645235432426,False
2025-06-05,26.355582079868974,20.343867610916465,0.6069536787987315,False
2025-06-06,14.421038113991122,20.128643773349907,-0.5728967225377882,False
2025-06-07,26.716980426614562,20.58396186892763,0.6169721970004768,False
2025-06-08,13.713358376262107,19.607221631367675,-0.6504572734912609,False
2025-06-09,8.146260190991903,19.002196832915253,-1.1794970235481432,False
2025-06-10,8.901579928668822,18.900325565786094,-1.075026445125182,False
2025-06-11,20.57429484032662,18.977397030622967,0.17161647030167806,False
2025-06-12,22.87080601763488,19.30761759385818,0.3847953822041736,False
2025-06-13,12.77949185811195,19.398256266391215,-0.7210550998872106,False
2025-06-14,27.64089086507842,19.25577249893632,0.9306567001800692,False
2025-06-15,8.751630001144191,17.80814444108098,-1.3435947395643788,False
2025-06-16,19.432756093940096,18.123192022423975,0.19898964385486415,False
2025-06-17,10.962626534514664,17.601437677515047,-1.0206293031020872,False
2025-06-18,14.49903283400663,17.60114917216279,-0.47689888783343404,False
2025-06-19,20.567236235787934,17.76193527572284,0.4304672649744688,False
2025-06-20,13.06312424087136,17.69949182880807,-0.7074371858650437,False
2025-06-21,16.572127665709857,17.817236781437792,-0.1915951079846395,False
2025-06-22,33.21981066056079,18.23860421893928,2.1193738445011,True
2025-06-23,15.052650147659554,18.29845956545966,-0.46153974076809445,False
2025-06-24,30.50364107610346,18.5487846899126,1.6303450725767858,False
2025-06-25,11.417492083041726,18.27645805430659,-0.9214477054083482,False
2025-06-26,26.17754779435145,18.554921462969553,1.0054711582408205,False
2025-06-27,41.29677089419203,19.506188461105264,2.5466745445535572,True
2025-06-28,5.836771099031064,19.198962251394406,-1.5045514478507322,False
2025-06-29,13.484654999764643,18.671678504384452,-0.5942376117273851,False
2025-06-30,26.803596160022625,18.705059379056237,0.9246020900881521,False
2025-07-01,18.146492783659976,18.8992764542383,-0.08675929604934061,False
2025-07-02,24.181138699257325,19.00170453425724,0.5938567729516565,False
2025-07-03,14.85011199011399,18.521889612086532,-0.4303205341013588,False
2025-07-04,20.974237391875977,18.93045773610529,0.24510960816835634,False
2025-07-05,18.581405610067183,18.671318520445233,-0.010939018634603217,False
2025-07-06,36.01339781791492,19.391063843909357,1.8971085008287019,False
2025-07-07,22.810259701410207,19.26083981973588,0.40901714959913316,False
2025-07-08,23.77896416040954,19.596360012540792,0.483505303490294,False
2025-07-09,16.347279906677876,19.869727336396988,-0.4192246453142129,False
2025-07-10,15.739868492447943,20.097670288522963,-0.5324514712610705,False
2025-07-11,16.17911003483701,19.95116412833998,-0.45917410454197016,False
2025-07-12,24.46457300257815,20.00428969450475,0.5413283373278165,False
2025-07-13,16.273007598050846,20.120740219169377,-0.4716415752283696,False
2025-07-14,23.21706174550264,19.973279248516853,0.4026088714046,False
2025-07-15,56.69581504744759,21.5714187500603,3.4371169404123703,True
2025-07-16,31.048868041227777,21.958622481636557,0.8779039256461327,False
2025-07-17,17.064294403414944,22.162011410599902,-0.5002831018518004,False
2025-07-18,36.62045489044523,22.89939214581452,1.3175652630324846,False
2025-07-19,16.378382310240074,22.75976368162959,-0.609247161730162,False
2025-07-20,7.249537925423204,22.565977471114653,-1.4299863303479492,False
2025-07-21,12.133337683943559,22.41801780505578,-0.9499466685458572,False
2025-07-22,7.882176249120321,21.573429991341094,-1.2511933562130433,False
2025-07-23,16.84819042707416,21.633281333988247,-0.4385757200592025,False
2025-07-24,20.27136278029143,21.292205390794514,-0.09467276920516675,False
2025-07-25,46.44267034463198,22.459711332847522,2.0771718139762028,True
2025-07-26,23.652378646089417,22.375539027905454,0.11076832477714503,False
2025-07-27,18.001403653315375,21.599026786542897,-0.3276458788324158,False
2025-07-28,30.407910567308583,22.418064768818816,0.7483840209760587,False
2025-07-29,6.648773127196282,22.190202039733204,-1.4202180588303606,False
2025-07-30,22.59677685459817,22.04997472955239,0.05012517802796571,False
2025-07-31,29.530764871976867,22.429450465829618,0.6475685832227059,False
2025-08-01,9.58986562792068,21.943074696785065,-1.1023066591250585,False
2025-08-02,35.58332116962981,22.63418166943559,1.1366912976055326,False
2025-08-03,23.78959270518196,22.72802684654579,0.09320641209333089,False
2025-08-04,16.31942380831429,22.652627453154025,-0.5543170593089195,False
2025-08-05,27.56070242812711,22.3708709401611,0.46395321027648107,False
2025-08-06,62.51124302111304,23.694237050817858,2.902365005759157,True
2025-08-07,21.99759496322922,23.63485807757852,-0.12238627850987416,False
2025-08-08,22.73965446440892,23.847937229502886,-0.08327641440253943,False
2025-08-09,15.963734409833997,23.85539942674909,-0.593186910169369,False
2025-08-10,13.132339015206206,23.753840392761393,-0.7940777315610786,False
2025-08-11,30.422057113786202,23.95242319646833,0.481696929327189,False
2025-08-12,13.091433526739252,23.84637072742461,-0.7963079817018365,False
2025-08-13,20.817273912391315,23.766377799654233,-0.21817804295600526,False
2025-08-14,15.818359776912244,22.403795957303053,-0.5458103891889998,False
2025-08-15,25.520700645819268,22.219523710789435,0.27577177272247794,False
2025-08-16,23.732159105724982,22.441785867533106,0.10813023537058426,False
2025-08-17,33.742898222145065,22.3458673119231,0.9636693991813824,False
2025-08-18,15.564486311786247,22.318737445307974,-0.5703743063379412,False
2025-08-19,17.550150622493618,22.662091201876986,-0.44316199300678677,False
2025-08-20,12.312538607266523,22.668064565987752,-0.8981721386492515,False
2025-08-21,16.084456485306234,22.941473907193945,-0.6089193859525437,False
2025-08-22,24.255666168484403,23.18838976524096,0.09526009684150935,False
2025-08-23,29.326581064310677,23.490230374708265,0.5190441290329278,False
2025-08-24,12.665950600377805,22.36433971656646,-0.9205311117465785,False
2025-08-25,31.025298739989264,22.610103719696454,0.7900050505767151,False
2025-08-26,39.560016719956984,23.328724155251173,1.4688682152241073,False
2025-08-27,24.697881027951343,23.138389837272598,0.1421211626454069,False
2025-08-28,51.336289835189085,24.627973727539025,2.288935799128872,True
2025-08-29,13.641346989673915,24.329459398708217,-0.9030511729447557,False
2025-08-30,10.779785295406047,23.704426746155857,-1.0730586255253611,False
2025-08-31,8.25352082148068,23.659881919274522,-1.2731463608349993,False
2025-09-01,42.43706503591876,23.88834004815082,1.4964675140931927,False
2025-09-02,27.859745355898532,24.024011803174705,0.3089310948364605,False
2025-09-03,19.534998750497266,24.131197634580808,-0.37182771839632367,False
2025-09-04,23.10350443489996,23.982624368139902,-0.0712112914601673,False
2025-09-05,11.441595881468873,22.280302796818432,-1.0646556079465348,False
2025-09-06,68.22942953006401,23.821363949046255,3.366693450280256,True
2025-09-07,21.42611683945149,23.777579361547676,-0.17819100928138612,False
2025-09-08,21.214764910423238,23.952613711567317,-0.20861847834981892,False
2025-09-09,28.872318881707923,24.477279707117372,0.33833582135349266,False
2025-09-10,25.546609719987718,24.314764793990758,0.09516986499327959,False
2025-09-11,22.46462864802515,24.627204631366954,-0.1692762725255025,False
2025-09-12,13.528015701702556,24.384229357677327,-0.8403361496160456,False
2025-09-13,25.425031441422984,24.704451746494353,0.056216605435177674,False
2025-09-14,51.47067604090453,25.569450926330532,1.8880045476337655,False
2025-09-15,39.35842369873058,26.09032641276405,0.951697038030851,False
2025-09-16,44.54916065930519,26.450535160669386,1.26727693684446,False
2025-09-17,15.555156039751077,26.450224151601546,-0.7628662938393302,False
2025-09-18,12.245978408054873,26.273418411120254,-0.9722494857014757,False
2025-09-19,18.861193173109452,26.491706896648353,-0.5351798140760766,False
2025-09-20,20.653038597164517,26.64399296704363,-0.42288191604110364,False
2025-09-21,34.71235790823205,26.99254935836855,0.542324992179832,False
2025-09-22,8.617264450179526,26.30223880456418,-1.2100862197135298,False
2025-09-23,43.15400201154235,27.318507184936333,1.0777190680574802,False
2025-09-24,18.559764722912753,26.902989384367114,-0.5652135875880623,False
2025-09-25,16.2251006348384,26.125158848196495,-0.6741220718212363,False
2025-09-26,12.108985888151613,25.705529010203172,-0.9121373686959402,False
2025-09-27,8.780836391203575,24.287013895403657,-1.0768723361945964,False
2025-09-28,30.31326155909007,24.84274438105086,0.38267168444148447,False
2025-09-29,20.83551502089202,25.17793537190039,-0.30861654784555825,False
2025-09-30,10.538334885493015,25.254095840700803,-1.0524987072783942,False
2025-10-01,10.511402433184386,24.189907087276325,-0.9881110651283893,False
2025-10-02,16.981213594997033,23.827289361912943,-0.4930181375023738,False
2025-10-03,46.270784733166636,24.718482228001918,1.4917504328777471,False
2025-10-04,17.640622239739997,24.53638615482992,-0.4754703391836304,False
2025-10-05,9.472837790923732,24.47076088514508,-1.029466305613432,False
2025-10-06,17.7631922986477,22.788552977431205,-0.417562549833353,False
2025-10-07,17.52517143399008,22.65852146391582,-0.4252547098890324,False
2025-10-08,5.215091733055628,22.125199024670234,-1.3545834692756666,False
2025-10-09,19.547600977261688,21.814375094522028,-0.18242499189527195,False
2025-10-10,17.895203837337856,21.559328231767033,-0.2948978284671096,False
2025-10-11,28.448720399965058,21.758797956831696,0.5357092249828728,False
2025-10-12,50.626646455350105,22.995418981953282,2.055131913698087,True
2025-10-13,35.278810506705774,23.323878284129375,0.8773912837188695,False
2025-10-14,17.5588071285326,22.193482653716973,-0.3685273598713884,False
2025-10-15,11.550596095420447,21.266555066939972,-0.7906259701180869,False
2025-10-16,72.72461435806804,22.205736856898735,3.385110392645984,True
2025-10-17,20.689146043041752,22.376869857008426,-0.11346568349608914,False
2025-10-18,20.22591384706106,22.6428677049753,-0.16377479977739023,False
2025-10-19,19.844709673940557,22.675651588336333,-0.19192581344423323,False
2025-10-20,22.176704262762524,22.72644044385627,-0.03728135468234855,False
2025-10-21,18.686844881686465,22.192256676304748,-0.2403298878977179,False
2025-10-22,15.076978783104192,22.407580487402235,-0.5081760269225367,False
2025-10-23,15.280393398465165,21.47846020029966,-0.4448730879352931,False
2025-10-24,19.75928218306653,21.518444115638122,-0.12632876900013568,False
2025-10-25,15.306653672688501,21.487829216899794,-0.44346664190862595,False
2025-10-26,14.063420121149287,21.552977024666383,-0.5389151610429294,False
2025-10-27,21.183341910013308,21.96639387529337,-0.05721006812527947,False
2025-10-28,17.681367319405243,21.545330733970545,-0.28378543076330737,False
2025-10-29,42.60605989825526,22.27101556321599,1.437464193738181,False
2025-10-30,5.336206972460669,22.097611299448246,-1.1699997119892553,False
2025-10-31,34.665793614576636,22.902757672161318,0.8208031264130147,False
2025-11-01,37.45134396551002,23.585095351178417,0.9546164085431711,False
2025-11-02,7.122828329219068,22.28016347104683,-1.069577902021311,False
2025-11-03,16.922704857565513,22.256232891641016,-0.376129467359566,False
2025-11-04,16.68115379669632,22.496510091833436,-0.41490618486104713,False
2025-11-05,9.936791209843458,22.23563005553996,-0.8673919447769736,False
2025-11-06,13.613904446103557,22.105254489277076,-0.5962293478447536,False
2025-11-07,11.52723016937888,22.315659103821186,-0.7690284297700504,False
2025-11-08,48.23742739528861,23.27198665108875,1.687922014003592,False
2025-11-09,32.06737623193421,23.744392397575293,0.5608771038240844,False
2025-11-10,37.931334848320304,24.060479545853806,0.9221115448411363,False
2025-11-11,28.813269628594455,23.33336698496195,0.38540058467742994,False
2025-11-12,11.42123240056049,22.53811438142377,-0.7831697159321102,False
2025-11-13,15.452021973626142,22.46788820959356,-0.4931931985782252,False
2025-11-14,25.653686400655808,22.93799121976807,0.19281442003753196,False
2025-11-15,10.901889202576971,20.87723371458503,-0.9363206564051356,False
2025-11-16,28.68858232134341,21.14388159052842,0.7019250374775213,False
2025-11-17,17.811375049539556,21.063396963944374,-0.3020999090797717,False
2025-11-18,16.652986941539638,20.957006206197672,-0.3987817767502395,False
2025-11-19,28.659356925586067,21.17309462829179,0.6879046891414702,False
2025-11-20,25.08152842122627,21.38625074627645,0.33917360706153127,False
2025-11-21,16.768748019588323,21.442643054159255,-0.43015921354413955,False
2025-11-22,35.861521697779466,22.1286806641364,1.236080306540951,False
2025-11-23,11.698590169385136,21.85999093034702,-0.9019807742745027,False
2025-11-24,27.329530024574776,22.260753475409896,0.4510269170693866,False
2025-11-25,27.01927847977041,22.692615420697265,0.3876555590459836,False
2025-11-26,17.2054600866663,22.560019359919032,-0.4779490963170814,False
2025-11-27,23.642986359918343,22.758739994602806,0.07918747953639566,False
2025-11-28,10.745028815043474,21.69670562516241,-1.0216165670021957,False
2025-11-29,31.881104842268602,22.581535554156005,0.89297599306368,False
2025-11-30,18.31185989777228,22.036404430262525,-0.3656792902552595,False
2025-12-01,15.465913754921012,21.30355675657623,-0.5943206951234934,False
2025-12-02,33.93695752101007,22.197361062969264,1.2094196606068222,False
2025-12-03,14.123331620995959,22.104048621750277,-0.8166514400825746,False
2025-12-04,9.932074333077445,21.879079306296315,-1.197433894032802,False
2025-12-05,9.22286210781455,21.855281669562018,-1.2623021128278997,False
2025-12-06,27.194234275669157,22.307959330547536,0.49213959840477917,False
2025-12-07,10.588678070740983,22.27667426059294,-1.172882562375099,False
2025-12-08,48.29833514380924,22.27870451887696,2.6096183749034556,True
2025-12-09,7.092481618797754,21.446208031772414,-1.4119478844319369,False
2025-12-10,46.90987389692574,21.745492666725923,2.3340359627487737,True
2025-12-11,22.32057131200025,21.52906938950612,0.07397508077516039,False
2025-12-12,19.137379110344494,21.786274279832252,-0.25132390458882853,False
2025-12-13,15.29522145779595,21.781047595971245,-0.6151752776675796,False
2025-12-14,24.521935834981086,21.743322577115425,0.26385744284951373,False
2025-12-15,19.711114190939266,22.036963410060835,-0.22495701155431477,False
2025-12-16,34.87083969089281,22.243038655712482,1.1985419339120855,False
2025-12-17,21.266090829451766,22.35819584837622,-0.10396351710681284,False
2025-12-18,21.65314870796172,22.524867907256958,-0.08341347517581008,False
2025-12-19,16.746577246424806,22.127775251284916,-0.5156496168321161,False
2025-12-20,19.521710166566546,21.942447976129593,-0.2320744505622201,False
2025-12-21,23.427273654666653,22.1643988306322,0.1215736393560045,False
2025-12-22,8.541322059062123,21.253725509341624,-1.2290844021795522,False
2025-12-23,10.235962850036731,21.20497126536334,-1.0554321778668652,False
2025-12-24,29.12602332850726,21.26485437549443,0.7533820375268153,False
2025-12-25,21.876931359449443,21.093442804817062,0.07548928635091814,False
2025-12-26,18.320274299676505,21.13060327858407,-0.2711000018007833,False
2025-12-27,20.271520430034354,21.018221080921265,-0.07209980320253091,False
2025-12-28,23.897906302178413,21.45665033049243,0.23972547092821228,False
2025-12-29,15.334729527935325,20.90510448668132,-0.5544512057428532,False
2025-12-30,13.610582801326604,20.748395250133132,-0.7049794437605654,False
2025-12-31,22.151885733194064,20.971260982742237,0.11714822170744019,False
2026-01-01,12.314945563140403,20.250527250813246,-0.8023661324397519,False
2026-01-02,24.633969831693367,20.600881857836495,0.4093765677353588,False
2026-01-03,8.573775618829266,20.55560523402822,-1.2096165778961103,False
2026-01-04,33.601738901902266,21.368234460497813,1.2302860006217267,False
2026-01-05,25.439389516893222,21.30973963520528,0.41657722681848763,False
2026-01-06,22.82861669493577,21.717737589345106,0.11444632628394615,False
2026-01-07,32.83009062600245,21.202129438751548,1.3532127886547984,False
2026-01-08,46.188794354598556,22.50533986327824,2.542875801433965,True
2026-01-09,33.354244395982384,22.053485546580127,1.3501769036898397,False
2026-01-10,8.000970800133274,21.576165529517894,-1.5508137309736019,False
2026-01-11,10.59319185174876,21.291359287564706,-1.1924013284341561,False
2026-01-12,14.696225779899631,21.271392764968162,-0.7316788636573408,False
2026-01-13,20.349279891703375,21.13230423352557,-0.08732644253491613,False
2026-01-14,26.019064263474245,21.342569235943404,0.5192625009033365,False
2026-01-15,13.97301673023163,20.6459751372547,-0.7645932707121672,False
2026-01-16,22.051560761857317,20.672157468334884,0.15799704744223728,False
2026-01-17,13.767469596834314,20.40930149796397,-0.7531891589546583,False
2026-01-18,14.794287085361033,20.344225159261843,-0.6268726267248006,False
2026-01-19,9.941018215367087,20.024868760888527,-1.1136744235019826,False
2026-01-20,12.659189282452397,19.665932615148055,-0.7675946493173378,False
2026-01-21,10.218069751200083,19.721824204885984,-1.048676845073318,False
2026-01-22,12.33034593946442,19.791636974533574,-0.8295083423744057,False
2026-01-23,34.01565630898362,19.95462474054945,1.5264650256693448,False
2026-01-24,12.494650036158466,19.64188202977309,-0.7682880955579702,False
2026-01-25,74.90278197963823,21.527965619105146,3.8916799117670813,True
2026-01-26,25.70431689697896,21.709058834669968,0.2909069246851173,False
2026-01-27,22.030284211594374,21.64680476498383,0.027934578043916154,False
2026-01-28,13.076557324692978,21.571532358209087,-0.6169324521619087,False
2026-01-29,28.507150191035798,22.068084604532725,0.46859270352414634,False
2026-01-30,15.062091444721409,21.831758128250303,-0.4905331129096557,False
2026-01-31,21.349000152698586,22.132893281235578,-0.05728588328383149,False
2026-02-01,72.24349361272913,23.719877407270097,2.9475117121713987,True
2026-02-02,19.14363051539863,24.07220590382241,-0.3035056761004191,False
2026-02-03,35.681654000114776,24.14153640709616,0.7086223210790599,False
2026-02-04,14.131576865145103,23.76460931870456,-0.5879260505808702,False
2026-02-05,19.73721134452389,23.66156247369083,-0.23928135614966584,False
2026-02-06,48.686428603757754,24.190107072949342,1.4450014864463583,False
2026-02-07,14.680446982266691,23.139828827204944,-0.5122898053554996,False
2026-02-08,49.71090268671138,23.685050770229243,1.5201465165559238,False
2026-02-09,28.613423696483036,24.372132533440904,0.2512401577758233,False
2026-02-10,15.161610560218664,24.524413157056568,-0.5582034959205575,False
2026-02-11,27.5555473081514,24.95305720799829,0.15604971528610107,False
2026-02-12,32.66411990310357,25.363551875044966,0.43685598960584415,False
2026-02-13,27.409919710578496,25.409913723281772,0.119650339269727,False
2026-02-14,9.160379794010929,25.249492492074417,-0.9547579440832419,False
2026-02-15,13.963285380490708,24.97988331269553,-0.6492292625934334,False
2026-02-16,17.74742938803521,25.112548639068894,-0.4359751034978025,False
2026-02-17,19.35175833648577,25.26446434743972,-0.35157481104532967,False
2026-02-18,27.39432975623817,25.846241398802086,0.09343022260550987,False
2026-02-19,21.95182984902047,26.155996084354353,-0.2563448128913524,False
2026-02-20,10.301894605944149,26.15879024617916,-0.9670235033444547,False
2026-02-21,24.290830306846292,26.55747305842522,-0.13996843346225774,False
2026-02-22,27.256523109891983,26.3321686184555,0.05729403496467075,False
2026-02-23,26.57298834166677,26.801446561972444,-0.014349948601280995,False
2026-02-24,34.48037641958778,25.454033043304094,0.684613715586773,False
2026-02-25,30.47665794321661,25.613111078178683,0.3679918047256385,False
2026-02-26,25.269295437092985,25.721078119028636,-0.034227528548341164,False
2026-02-27,19.39309634576044,25.931629419730886,-0.5014151369736284,False
2026-02-28,8.754076987157807,25.273193646268286,-1.2328272581392288,False
2026-03-01,24.8985385646703,25.601075216933246,-0.052979551086722115,False
2026-03-02,22.283440933162957,25.63222324294873,-0.2527137439049806,False
2026-03-03,23.00679066363805,23.99099981131236,-0.09935416635075933,False
2026-03-04,10.608183293463888,23.706484903914536,-1.2880401203097158,False
2026-03-05,11.698629869739172,22.907050766235347,-1.1055908515839563,False
2026-03-06,34.00734146219973,23.569576252803834,1.0239145391657198,False
2026-03-07,19.692196156449214,23.56807574653468,-0.3801906761166872,False
2026-03-08,28.24030883605901,22.886538420944717,0.5896266289649138,False
2026-03-09,20.371954754711645,23.07625534669289,-0.30177730415968157,False
2026-03-10,20.386605045106194,22.09877875863938,-0.23065410037907128,False
2026-03-11,32.10917783033388,22.215303896434406,1.309549054772595,False
2026-03-12,15.51764301902678,22.227171645061343,-0.8893877920423802,False
2026-03-13,21.0744285503253,22.01113435313381,-0.12525061891828562,False
2026-03-14,15.94048908313249,21.453679992468103,-0.7575363469629323,False
2026-03-15,16.163439750398368,21.07879732712877,-0.6779798913458731,False
2026-03-16,17.208680526190786,21.34707401820143,-0.5966649379111404,False
2026-03-17,22.444977859880478,21.629797100847757,0.1199505852657557,False
2026-03-18,15.809731832214526,21.5652071823204,-0.841051945995905,False
2026-03-19,37.632877231359174,22.17457781214951,2.0810217933168387,True
2026-03-20,12.84168280033269,21.689489580285997,-1.1719293768062806,False
2026-03-21,18.293836099028315,21.567556455286258,-0.43218043001316814,False
2026-03-22,16.12118863242566,21.761532922835645,-0.7676492487157953,False
2026-03-23,41.40861463586303,22.332125733802865,2.3351033910947065,True
2026-03-24,22.15974574596638,22.16223315500535,-0.00030646986399270396,False
2026-03-25,33.64694517777667,22.398031716209008,1.3474449988974186,False
2026-03-26,9.55648339310142,21.567235281992797,-1.4393369033259777,False
2026-03-27,22.954755650684227,21.316505205575048,0.2002977984561293,False
2026-03-28,31.33749794198204,21.518778622404685,1.175419117350008,False
2026-03-29,20.929130547762735,21.569979762471426,-0.07679805912615334,False
2026-03-30,34.21760191455947,22.418763926718153,1.4231037240861804,False
2026-03-31,15.50799620272913,22.105745847986782,-0.7881722260751668,False
2026-04-01,40.63678618674994,22.717524023106346,1.9845971657835428,False
2026-04-02,63.399061710175765,24.063933057990937,3.3641130240938795,True
2026-04-03,16.753056509116494,24.268762165179357,-0.6534839929308297,False
2026-04-04,16.07473426919947,24.414632311828033,-0.7339537736128099,False
2026-04-05,41.54147137746415,24.66576997567018,1.447113403350172,False
2026-04-06,44.24693364370354,25.484261225245326,1.5440094177937758,False
2026-04-07,15.464854324814246,25.05841274153717,-0.781538147031718,False
2026-04-08,16.279499086394964,24.921997552593275,-0.6997064422400762,False
2026-04-09,17.445952888165035,24.82397581402857,-0.5949820782159151,False
2026-04-10,10.25509591503814,24.09550641685205,-1.0986177654619151,False
2026-04-11,12.688220289260617,24.001192325859844,-0.8925555002081883,False
2026-04-12,12.157297619771617,23.703954628174717,-0.8986304370581993,False
2026-04-13,13.682275245055667,23.628680833572158,-0.7708764331788663,False
2026-04-14,19.740207711319943,23.74790643226954,-0.3119372577126138,False
2026-04-15,22.580966615094553,23.926982635233003,-0.10523316163130476,False
2026-04-16,43.608419800758355,24.632430699928932,1.4288632195185123,False
2026-04-17,12.192524031789084,24.511857106581417,-0.9207690535201961,False
2026-04-18,32.85688129464028,24.35265724202412,0.6420398883557961,False
2026-04-19,18.047471247757766,24.52618352360496,-0.4936852265359296,False
